  0
SECTION
  2
HEADER
  9
$ACADVER
  1
AC1032
  9
$ACADMAINTVER
 90
      329
  9
$DWGCODEPAGE
  3
ANSI_1252
  9
$LASTSAVEDBY
  1
procesos6
  9
$REQUIREDVERSIONS
160
                 0
  9
$INSBASE
 10
0.0
 20
0.0
 30
0.0
  9
$EXTMIN
 10
-110.2220281195511
 20
-230.8626177407435
 30
0.0
  9
$EXTMAX
 10
405.3447153049228
 20
24.96752814233277
 30
0.0
  9
$LIMMIN
 10
0.0
 20
0.0
  9
$LIMMAX
 10
420.0
 20
297.0
  9
$ORTHOMODE
 70
     1
  9
$REGENMODE
 70
     1
  9
$FILLMODE
 70
     1
  9
$QTEXTMODE
 70
     0
  9
$MIRRTEXT
 70
     0
  9
$LTSCALE
 40
1.0
  9
$ATTMODE
 70
     1
  9
$TEXTSIZE
 40
2.5
  9
$TRACEWID
 40
1.0
  9
$TEXTSTYLE
  7
Standard
  9
$CLAYER
  8
0
  9
$CELTYPE
  6
ByLayer
  9
$CECOLOR
 62
   256
  9
$CELTSCALE
 40
1.0
  9
$DISPSILH
 70
     0
  9
$DIMSCALE
 40
1.0
  9
$DIMASZ
 40
2.5
  9
$DIMEXO
 40
0.625
  9
$DIMDLI
 40
3.75
  9
$DIMRND
 40
0.0
  9
$DIMDLE
 40
0.0
  9
$DIMEXE
 40
1.25
  9
$DIMTP
 40
0.0
  9
$DIMTM
 40
0.0
  9
$DIMTXT
 40
2.5
  9
$DIMCEN
 40
2.5
  9
$DIMTSZ
 40
0.0
  9
$DIMTOL
 70
     0
  9
$DIMLIM
 70
     0
  9
$DIMTIH
 70
     0
  9
$DIMTOH
 70
     0
  9
$DIMSE1
 70
     0
  9
$DIMSE2
 70
     0
  9
$DIMTAD
 70
     1
  9
$DIMZIN
 70
     8
  9
$DIMBLK
  1

  9
$DIMASO
 70
     1
  9
$DIMSHO
 70
     1
  9
$DIMPOST
  1

  9
$DIMAPOST
  1

  9
$DIMALT
 70
     0
  9
$DIMALTD
 70
     3
  9
$DIMALTF
 40
0.03937007874016
  9
$DIMLFAC
 40
1.0
  9
$DIMTOFL
 70
     1
  9
$DIMTVP
 40
0.0
  9
$DIMTIX
 70
     0
  9
$DIMSOXD
 70
     0
  9
$DIMSAH
 70
     0
  9
$DIMBLK1
  1

  9
$DIMBLK2
  1

  9
$DIMSTYLE
  2
ISO-25
  9
$DIMCLRD
 70
     0
  9
$DIMCLRE
 70
     0
  9
$DIMCLRT
 70
     0
  9
$DIMTFAC
 40
1.0
  9
$DIMGAP
 40
0.625
  9
$DIMJUST
 70
     0
  9
$DIMSD1
 70
     0
  9
$DIMSD2
 70
     0
  9
$DIMTOLJ
 70
     0
  9
$DIMTZIN
 70
     8
  9
$DIMALTZ
 70
     0
  9
$DIMALTTZ
 70
     0
  9
$DIMUPT
 70
     0
  9
$DIMDEC
 70
     2
  9
$DIMTDEC
 70
     2
  9
$DIMALTU
 70
     2
  9
$DIMALTTD
 70
     3
  9
$DIMTXSTY
  7
Standard
  9
$DIMAUNIT
 70
     0
  9
$DIMADEC
 70
     0
  9
$DIMALTRND
 40
0.0
  9
$DIMAZIN
 70
     0
  9
$DIMDSEP
 70
    44
  9
$DIMATFIT
 70
     3
  9
$DIMFRAC
 70
     0
  9
$DIMLDRBLK
  1

  9
$DIMLUNIT
 70
     2
  9
$DIMLWD
 70
    -2
  9
$DIMLWE
 70
    -2
  9
$DIMTMOVE
 70
     0
  9
$DIMFXL
 40
1.0
  9
$DIMFXLON
 70
     0
  9
$DIMJOGANG
 40
0.7853981633974483
  9
$DIMTFILL
 70
     0
  9
$DIMTFILLCLR
 70
     0
  9
$DIMARCSYM
 70
     0
  9
$DIMLTYPE
  6

  9
$DIMLTEX1
  6

  9
$DIMLTEX2
  6

  9
$DIMTXTDIRECTION
 70
     0
  9
$LUNITS
 70
     2
  9
$LUPREC
 70
     4
  9
$SKETCHINC
 40
1.0
  9
$FILLETRAD
 40
0.0
  9
$AUNITS
 70
     0
  9
$AUPREC
 70
     0
  9
$MENU
  1
.
  9
$ELEVATION
 40
0.0
  9
$PELEVATION
 40
0.0
  9
$THICKNESS
 40
0.0
  9
$LIMCHECK
 70
     0
  9
$CHAMFERA
 40
0.0
  9
$CHAMFERB
 40
0.0
  9
$CHAMFERC
 40
0.0
  9
$CHAMFERD
 40
0.0
  9
$SKPOLY
 70
     0
  9
$TDCREATE
 40
2461170.585798611
  9
$TDUCREATE
 40
2461170.835798611
  9
$TDUPDATE
 40
2461269.482500000
  9
$TDUUPDATE
 40
2461269.732500000
  9
$TDINDWG
 40
0.0220601852
  9
$TDUSRTIMER
 40
0.0220601852
  9
$USRTIMER
 70
     1
  9
$ANGBASE
 50
0.0
  9
$ANGDIR
 70
     0
  9
$PDMODE
 70
     0
  9
$PDSIZE
 40
0.0
  9
$PLINEWID
 40
0.0
  9
$SPLFRAME
 70
     0
  9
$SPLINETYPE
 70
     6
  9
$SPLINESEGS
 70
     8
  9
$HANDSEED
  5
4CA
  9
$SURFTAB1
 70
     6
  9
$SURFTAB2
 70
     6
  9
$SURFTYPE
 70
     6
  9
$SURFU
 70
     6
  9
$SURFV
 70
     6
  9
$UCSBASE
  2

  9
$UCSNAME
  2

  9
$UCSORG
 10
0.0
 20
0.0
 30
0.0
  9
$UCSXDIR
 10
1.0
 20
0.0
 30
0.0
  9
$UCSYDIR
 10
0.0
 20
1.0
 30
0.0
  9
$UCSORTHOREF
  2

  9
$UCSORTHOVIEW
 70
     0
  9
$UCSORGTOP
 10
0.0
 20
0.0
 30
0.0
  9
$UCSORGBOTTOM
 10
0.0
 20
0.0
 30
0.0
  9
$UCSORGLEFT
 10
0.0
 20
0.0
 30
0.0
  9
$UCSORGRIGHT
 10
0.0
 20
0.0
 30
0.0
  9
$UCSORGFRONT
 10
0.0
 20
0.0
 30
0.0
  9
$UCSORGBACK
 10
0.0
 20
0.0
 30
0.0
  9
$PUCSBASE
  2

  9
$PUCSNAME
  2

  9
$PUCSORG
 10
0.0
 20
0.0
 30
0.0
  9
$PUCSXDIR
 10
1.0
 20
0.0
 30
0.0
  9
$PUCSYDIR
 10
0.0
 20
1.0
 30
0.0
  9
$PUCSORTHOREF
  2

  9
$PUCSORTHOVIEW
 70
     0
  9
$PUCSORGTOP
 10
0.0
 20
0.0
 30
0.0
  9
$PUCSORGBOTTOM
 10
0.0
 20
0.0
 30
0.0
  9
$PUCSORGLEFT
 10
0.0
 20
0.0
 30
0.0
  9
$PUCSORGRIGHT
 10
0.0
 20
0.0
 30
0.0
  9
$PUCSORGFRONT
 10
0.0
 20
0.0
 30
0.0
  9
$PUCSORGBACK
 10
0.0
 20
0.0
 30
0.0
  9
$USERI1
 70
     0
  9
$USERI2
 70
     0
  9
$USERI3
 70
     0
  9
$USERI4
 70
     0
  9
$USERI5
 70
     0
  9
$USERR1
 40
0.0
  9
$USERR2
 40
0.0
  9
$USERR3
 40
0.0
  9
$USERR4
 40
0.0
  9
$USERR5
 40
0.0
  9
$WORLDVIEW
 70
     1
  9
$SHADEDGE
 70
     3
  9
$SHADEDIF
 70
    70
  9
$TILEMODE
 70
     1
  9
$MAXACTVP
 70
    64
  9
$PINSBASE
 10
0.0
 20
0.0
 30
0.0
  9
$PLIMCHECK
 70
     0
  9
$PEXTMIN
 10
0.0
 20
0.0
 30
0.0
  9
$PEXTMAX
 10
0.0
 20
0.0
 30
0.0
  9
$PLIMMIN
 10
0.0
 20
0.0
  9
$PLIMMAX
 10
12.0
 20
9.0
  9
$UNITMODE
 70
     0
  9
$VISRETAIN
 70
     1
  9
$PLINEGEN
 70
     0
  9
$PSLTSCALE
 70
     1
  9
$TREEDEPTH
 70
  3020
  9
$CMLSTYLE
  2
Standard
  9
$CMLJUST
 70
     0
  9
$CMLSCALE
 40
20.0
  9
$PROXYGRAPHICS
 70
     1
  9
$MEASUREMENT
 70
     1
  9
$CELWEIGHT
370
    -1
  9
$ENDCAPS
280
     0
  9
$JOINSTYLE
280
     0
  9
$LWDISPLAY
290
     0
  9
$INSUNITS
 70
     4
  9
$HYPERLINKBASE
  1

  9
$STYLESHEET
  1

  9
$XEDIT
290
     1
  9
$CEPSNTYPE
380
     0
  9
$PSTYLEMODE
290
     1
  9
$FINGERPRINTGUID
  2
{330D310E-2CDF-9E4E-B9C6-C2D3DC693C78}
  9
$VERSIONGUID
  2
{72D8F05D-9B47-424C-97DB-8090D945EC5B}
  9
$EXTNAMES
290
     1
  9
$PSVPSCALE
 40
0.0
  9
$OLESTARTUP
290
     0
  9
$SORTENTS
280
   127
  9
$INDEXCTL
280
     0
  9
$HIDETEXT
280
     1
  9
$XCLIPFRAME
280
     2
  9
$HALOGAP
280
     0
  9
$OBSCOLOR
 70
   257
  9
$OBSLTYPE
280
     0
  9
$INTERSECTIONDISPLAY
280
     0
  9
$INTERSECTIONCOLOR
 70
   257
  9
$DIMASSOC
280
     2
  9
$PROJECTNAME
  1

  9
$CAMERADISPLAY
290
     0
  9
$LENSLENGTH
 40
50.0
  9
$CAMERAHEIGHT
 40
0.0
  9
$STEPSPERSEC
 40
2.0
  9
$STEPSIZE
 40
6.0
  9
$3DDWFPREC
 40
2.0
  9
$PSOLWIDTH
 40
5.0
  9
$PSOLHEIGHT
 40
80.0
  9
$LOFTANG1
 40
1.570796326794896
  9
$LOFTANG2
 40
1.570796326794896
  9
$LOFTMAG1
 40
0.0
  9
$LOFTMAG2
 40
0.0
  9
$LOFTPARAM
 70
     7
  9
$LOFTNORMALS
280
     1
  9
$LATITUDE
 40
37.795
  9
$LONGITUDE
 40
-122.394
  9
$NORTHDIRECTION
 40
0.0
  9
$TIMEZONE
 70
 -8000
  9
$LIGHTGLYPHDISPLAY
280
     1
  9
$TILEMODELIGHTSYNCH
280
     1
  9
$CMATERIAL
347
EC
  9
$SOLIDHIST
280
     0
  9
$SHOWHIST
280
     1
  9
$DWFFRAME
280
     2
  9
$DGNFRAME
280
     0
  9
$REALWORLDSCALE
290
     1
  9
$INTERFERECOLOR
 62
     1
  9
$INTERFEREOBJVS
345
F9
  9
$INTERFEREVPVS
346
F6
  9
$CSHADOW
280
     0
  9
$SHADOWPLANELOCATION
 40
0.0
  0
ENDSEC
  0
SECTION
  2
CLASSES
  0
CLASS
  1
ACDBDICTIONARYWDFLT
  2
AcDbDictionaryWithDefault
  3
ObjectDBX Classes
 90
        0
 91
        1
280
     0
281
     0
  0
CLASS
  1
DICTIONARYVAR
  2
AcDbDictionaryVar
  3
ObjectDBX Classes
 90
        0
 91
       11
280
     0
281
     0
  0
CLASS
  1
TABLESTYLE
  2
AcDbTableStyle
  3
ObjectDBX Classes
 90
     4095
 91
        1
280
     0
281
     0
  0
CLASS
  1
MATERIAL
  2
AcDbMaterial
  3
ObjectDBX Classes
 90
     1153
 91
        3
280
     0
281
     0
  0
CLASS
  1
VISUALSTYLE
  2
AcDbVisualStyle
  3
ObjectDBX Classes
 90
     4095
 91
       24
280
     0
281
     0
  0
CLASS
  1
SCALE
  2
AcDbScale
  3
ObjectDBX Classes
 90
     1153
 91
       17
280
     0
281
     0
  0
CLASS
  1
MLEADERSTYLE
  2
AcDbMLeaderStyle
  3
ACDB_MLEADERSTYLE_CLASS
 90
     4095
 91
        2
280
     0
281
     0
  0
CLASS
  1
CELLSTYLEMAP
  2
AcDbCellStyleMap
  3
ObjectDBX Classes
 90
     1152
 91
        2
280
     0
281
     0
  0
CLASS
  1
EXACXREFPANELOBJECT
  2
ExAcXREFPanelObject
  3
EXAC_ESW
 90
     1025
 91
        0
280
     0
281
     0
  0
CLASS
  1
NPOCOLLECTION
  2
AcDbImpNonPersistentObjectsCollection
  3
ObjectDBX Classes
 90
     1153
 91
        0
280
     0
281
     0
  0
CLASS
  1
LAYER_INDEX
  2
AcDbLayerIndex
  3
ObjectDBX Classes
 90
        0
 91
        0
280
     0
281
     0
  0
CLASS
  1
SPATIAL_INDEX
  2
AcDbSpatialIndex
  3
ObjectDBX Classes
 90
        0
 91
        0
280
     0
281
     0
  0
CLASS
  1
IDBUFFER
  2
AcDbIdBuffer
  3
ObjectDBX Classes
 90
        0
 91
        0
280
     0
281
     0
  0
CLASS
  1
ACDBSECTIONVIEWSTYLE
  2
AcDbSectionViewStyle
  3
ObjectDBX Classes
 90
     1025
 91
        2
280
     0
281
     0
  0
CLASS
  1
ACDBDETAILVIEWSTYLE
  2
AcDbDetailViewStyle
  3
ObjectDBX Classes
 90
     1025
 91
        2
280
     0
281
     0
  0
CLASS
  1
SORTENTSTABLE
  2
AcDbSortentsTable
  3
ObjectDBX Classes
 90
        0
 91
        8
280
     0
281
     0
  0
ENDSEC
  0
SECTION
  2
TABLES
  0
TABLE
  2
VPORT
  5
8
330
0
100
AcDbSymbolTable
 70
     1
1001
ACAD
1000
DbSaveVer
1071
      379
  0
VPORT
  5
EA
330
8
100
AcDbSymbolTableRecord
100
AcDbViewportTableRecord
  2
*Active
 70
     0
 10
0.0
 20
0.0
 11
1.0
 21
1.0
 12
43.98131501173702
 22
-64.19756239608407
 13
0.0
 23
0.0
 14
10.0
 24
10.0
 15
10.0
 25
10.0
 16
0.0
 26
0.0
 36
1.0
 17
0.0
 27
0.0
 37
0.0
 40
346.8703440242689
 41
1.875637104994902
 42
50.0
 43
0.0
 44
0.0
 50
0.0
 51
0.0
 71
     0
 72
  1000
 73
     1
 74
     3
 75
     0
 76
     1
 77
     0
 78
     0
281
     0
 65
     1
110
0.0
120
0.0
130
0.0
111
1.0
121
0.0
131
0.0
112
0.0
122
1.0
132
0.0
 79
     0
146
0.0
348
F5
 60
     3
 61
     5
292
     1
282
     1
141
0.0
142
0.0
 63
   250
421
  3355443
1001
ACAD_NAV_VCDISPLAY
1070
     3
  0
ENDTAB
  0
TABLE
  2
LTYPE
  5
5
330
0
100
AcDbSymbolTable
 70
     1
  0
LTYPE
  5
14
330
5
100
AcDbSymbolTableRecord
100
AcDbLinetypeTableRecord
  2
ByBlock
 70
     0
  3

 72
    65
 73
     0
 40
0.0
  0
LTYPE
  5
15
330
5
100
AcDbSymbolTableRecord
100
AcDbLinetypeTableRecord
  2
ByLayer
 70
     0
  3

 72
    65
 73
     0
 40
0.0
  0
LTYPE
  5
16
330
5
100
AcDbSymbolTableRecord
100
AcDbLinetypeTableRecord
  2
Continuous
 70
     0
  3
Solid line
 72
    65
 73
     0
 40
0.0
  0
ENDTAB
  0
TABLE
  2
LAYER
  5
2
102
{ACAD_XDICTIONARY
360
1FF
102
}
330
0
100
AcDbSymbolTable
 70
     1
  0
LAYER
  5
10
102
{ACAD_XDICTIONARY
360
13C
102
}
330
2
100
AcDbSymbolTableRecord
100
AcDbLayerTableRecord
  2
0
 70
     0
 62
     7
  6
Continuous
370
    -3
390
F
347
EE
348
0
  0
ENDTAB
  0
TABLE
  2
STYLE
  5
3
330
0
100
AcDbSymbolTable
 70
     3
  0
STYLE
  5
11
330
3
100
AcDbSymbolTableRecord
100
AcDbTextStyleTableRecord
  2
Standard
 70
     0
 40
0.0
 41
1.0
 50
0.0
 71
     0
 42
2.5
  3
arial.ttf
  4

1001
ACAD
1000
Arial
1071
       34
  0
STYLE
  5
132
330
3
100
AcDbSymbolTableRecord
100
AcDbTextStyleTableRecord
  2
Anotativo
 70
     0
 40
0.0
 41
1.0
 50
0.0
 71
     0
 42
2.5
  3
arial.ttf
  4

1001
AcadAnnotative
1000
AnnotativeData
1002
{
1070
     1
1070
     1
1002
}
1001
ACAD
1000
Arial
1071
       34
  0
STYLE
  5
2C3
330
3
100
AcDbSymbolTableRecord
100
AcDbTextStyleTableRecord
  2
Note Text (ANSI)
 70
     0
 40
0.0
 41
1.0
 50
0.0
 71
     0
 42
2.5
  3
tahoma.ttf
  4

1001
ACAD
1000
Tahoma
1071
      256
  0
ENDTAB
  0
TABLE
  2
VIEW
  5
6
330
0
100
AcDbSymbolTable
 70
     0
  0
ENDTAB
  0
TABLE
  2
UCS
  5
7
330
0
100
AcDbSymbolTable
 70
     0
  0
ENDTAB
  0
TABLE
  2
APPID
  5
9
330
0
100
AcDbSymbolTable
 70
     8
  0
APPID
  5
12
330
9
100
AcDbSymbolTableRecord
100
AcDbRegAppTableRecord
  2
ACAD
 70
     0
  0
APPID
  5
9E
330
9
100
AcDbSymbolTableRecord
100
AcDbRegAppTableRecord
  2
ACAD_PSEXT
 70
     0
  0
APPID
  5
133
330
9
100
AcDbSymbolTableRecord
100
AcDbRegAppTableRecord
  2
AcadAnnoPO
 70
     0
  0
APPID
  5
134
330
9
100
AcDbSymbolTableRecord
100
AcDbRegAppTableRecord
  2
AcadAnnotative
 70
     0
  0
APPID
  5
135
330
9
100
AcDbSymbolTableRecord
100
AcDbRegAppTableRecord
  2
ACAD_DSTYLE_DIMJAG
 70
     0
  0
APPID
  5
136
330
9
100
AcDbSymbolTableRecord
100
AcDbRegAppTableRecord
  2
ACAD_DSTYLE_DIMTALN
 70
     0
  0
APPID
  5
165
330
9
100
AcDbSymbolTableRecord
100
AcDbRegAppTableRecord
  2
ACAD_MLEADERVER
 70
     0
  0
APPID
  5
217
330
9
100
AcDbSymbolTableRecord
100
AcDbRegAppTableRecord
  2
ACAD_NAV_VCDISPLAY
 70
     0
  0
ENDTAB
  0
TABLE
  2
DIMSTYLE
  5
A
330
0
100
AcDbSymbolTable
 70
     6
100
AcDbDimStyleTable
 71
     2
340
27
340
137
  0
DIMSTYLE
105
1B0
330
A
100
AcDbSymbolTableRecord
100
AcDbDimStyleTableRecord
  2
Standard
 70
     0
340
11
  0
DIMSTYLE
105
137
330
A
100
AcDbSymbolTableRecord
100
AcDbDimStyleTableRecord
  2
Anotativo
 70
     0
 40
0.0
 41
2.5
 42
0.625
 43
3.75
 44
1.25
 73
     0
 74
     0
 77
     1
 78
     8
140
2.5
141
2.5
143
0.03937007874016
147
0.625
171
     3
172
     1
271
     2
272
     2
274
     3
278
    44
283
     0
284
     8
340
11
1001
AcadAnnotative
1000
AnnotativeData
1002
{
1070
     1
1070
     1
1002
}
1001
ACAD_DSTYLE_DIMJAG
1070
   388
1040
1.5
1001
ACAD_DSTYLE_DIMTALN
1070
   392
1070
     0
  0
DIMSTYLE
105
27
330
A
100
AcDbSymbolTableRecord
100
AcDbDimStyleTableRecord
  2
ISO-25
 70
     0
 41
2.5
 42
0.625
 43
3.75
 44
1.25
 73
     0
 74
     0
 77
     1
 78
     8
140
2.5
141
2.5
143
0.03937007874016
147
0.625
171
     3
172
     1
271
     2
272
     2
274
     3
278
    44
283
     0
284
     8
340
11
  0
DIMSTYLE
105
2C4
330
A
100
AcDbSymbolTableRecord
100
AcDbDimStyleTableRecord
  2
Default (ANSI)
 70
     0
 40
8.333333333333332
 41
0.0984251946210861
 43
0.2362204724409449
 44
0.125
 45
0.00000001
 46
0.3937007874015748
 78
     4
 79
     1
140
0.1200000047683716
143
10.0
144
2.54
147
0.031496062992126
171
     1
176
   256
177
   256
178
   256
271
     0
272
     2
274
     1
284
     4
285
     4
340
2C3
371
    -1
372
    -1
  0
DIMSTYLE
105
2C5
330
A
100
AcDbSymbolTableRecord
100
AcDbDimStyleTableRecord
  2
KEHUA
 70
     0
 40
8.0
 41
3.0
 42
0.5
 43
1.0
 44
0.5
 73
     0
 74
     0
 77
     1
 78
     8
140
3.0
141
0.0
147
0.5
172
     1
284
     8
340
11
371
    -1
372
    -1
1001
ACAD_DSTYLE_DIMJAG
1070
   388
1040
1.5
1001
ACAD_DSTYLE_DIMTALN
1070
   392
1070
     0
  0
DIMSTYLE
105
2C6
330
A
100
AcDbSymbolTableRecord
100
AcDbDimStyleTableRecord
  2
Alternativo (ANSI)
 70
     0
 40
4.0
 41
0.0979999974370003
340
11
  0
ENDTAB
  0
TABLE
  2
BLOCK_RECORD
  5
1
330
0
100
AcDbSymbolTable
 70
    13
  0
BLOCK_RECORD
  5
1F
102
{ACAD_XDICTIONARY
360
1CE
102
}
330
1
100
AcDbSymbolTableRecord
100
AcDbBlockTableRecord
  2
*Model_Space
340
22
 70
     0
280
     1
281
     0
  0
BLOCK_RECORD
  5
D2
330
1
100
AcDbSymbolTableRecord
100
AcDbBlockTableRecord
  2
*Paper_Space
340
D3
 70
     0
280
     1
281
     0
  0
BLOCK_RECORD
  5
D6
330
1
100
AcDbSymbolTableRecord
100
AcDbBlockTableRecord
  2
*Paper_Space0
340
D7
 70
     0
280
     1
281
     0
  0
ENDTAB
  0
ENDSEC
  0
SECTION
  2
BLOCKS
  0
BLOCK
  5
20
330
1F
100
AcDbEntity
  8
0
100
AcDbBlockBegin
  2
*Model_Space
 70
     0
 10
0.0
 20
0.0
 30
0.0
  3
*Model_Space
  1

  0
ENDBLK
  5
21
330
1F
100
AcDbEntity
  8
0
100
AcDbBlockEnd
  0
BLOCK
  5
D4
330
D2
100
AcDbEntity
 67
     1
  8
0
100
AcDbBlockBegin
  2
*Paper_Space
 70
     0
 10
0.0
 20
0.0
 30
0.0
  3
*Paper_Space
  1

  0
ENDBLK
  5
D5
330
D2
100
AcDbEntity
 67
     1
  8
0
100
AcDbBlockEnd
  0
BLOCK
  5
D8
330
D6
100
AcDbEntity
 67
     1
  8
0
100
AcDbBlockBegin
  2
*Paper_Space0
 70
     0
 10
0.0
 20
0.0
 30
0.0
  3
*Paper_Space0
  1

  0
ENDBLK
  5
D9
330
D6
100
AcDbEntity
 67
     1
  8
0
100
AcDbBlockEnd
  0
ENDSEC
  0
SECTION
  2
ENTITIES
  0
LWPOLYLINE
  5
425
330
1F
100
AcDbEntity
  8
0
100
AcDbPolyline
 90
      328
 70
     1
 43
0.0
 10
-64.04336301457718
 20
0.0105281423327739
 42
0.000126
 10
-64.03972401457716
 20
-14.4597388576672
 42
0.001145
 10
-64.02210501457713
 20
-20.76582185766721
 42
0.000204
 10
-63.99960001457717
 20
-24.86382385766721
 42
0.412487
 10
-63.91646301457715
 20
-24.94647185766722
 42
0.410271
 10
-63.83472301457718
 20
-24.86582685766722
 42
0.000811
 10
-63.81093001457717
 20
-22.85967185766724
 42
0.002303
 10
-63.79323701457716
 20
-19.71824185766722
 42
0.000256
 10
-63.78956301457717
 20
-12.55257185766719
 10
-63.78956301457717
 20
-0.1586718576672155
 10
-33.33356301457715
 20
-0.1586718576672155
 10
-2.877563014577134
 20
-0.1586718576672155
 10
-2.877563014577134
 20
-0.366997857667215
 42
0.050596
 10
-2.866258014577198
 20
-0.4784348576671818
 42
0.012455
 10
-2.824769014577185
 20
-0.6579558576672043
 42
0.012622
 10
-2.766636014577187
 20
-0.8622148576672401
 42
0.012321
 10
-2.697838014577172
 20
-1.064947857667206
 42
0.083872
 10
-2.325455014577158
 20
-1.716610857667248
 42
0.058254
 10
-1.714178014577129
 20
-2.306878857667172
 42
0.059527
 10
-1.003275014577155
 20
-2.725920857667219
 42
0.103799
 10
-0.3363890145771222
 20
-2.865871857667215
 10
-0.085763014577168
 20
-2.865871857667215
 10
-0.085763014577168
 20
-16.08006785766723
 10
-0.085763014577168
 20
-29.29426285766725
 10
-0.364741014577163
 20
-29.02386785766719
 42
0.031806
 10
-0.6956060145771801
 20
-28.74166485766726
 42
0.430865
 10
-0.8360570145771646
 20
-28.76592685766717
 42
0.320941
 10
-0.8300470145771612
 20
-28.93744085766723
 42
0.029347
 10
-0.5338940145771574
 20
-29.27865485766721
 10
-0.2206240145771687
 20
-29.59947185766724
 10
-0.5338940145771574
 20
-29.92028885766722
 42
0.027196
 10
-0.8472960145771537
 20
-30.27825485766725
 42
0.379299
 10
-0.8377630145771775
 20
-30.43607185766722
 42
0.379299
 10
-0.6799460145771548
 20
-30.44560485766725
 42
0.027196
 10
-0.3219800145771785
 20
-30.1322028576672
 10
-0.0011630145771449
 20
-29.81893285766721
 10
0.319653985422832
 20
-30.1322028576672
 42
0.014729
 10
0.4499809854228545
 20
-30.25217085766723
 42
0.019285
 10
0.5762469854228414
 20
-30.35344885766721
 42
0.01712
 10
0.6856239854228364
 20
-30.42879485766723
 42
0.143212
 10
0.7426539854228338
 20
-30.44547185766719
 42
0.270861
 10
0.8197099854228611
 20
-30.40042385766724
 42
0.227536
 10
0.8259709854227992
 20
-30.30464585766724
 42
0.076268
 10
0.7291209854228385
 20
-30.14100685766725
 42
0.021715
 10
0.5315679854228677
 20
-29.92028885766722
 10
0.2182979854228222
 20
-29.59947185766724
 10
0.5315679854228677
 20
-29.27865485766721
 42
0.032312
 10
0.809510985422861
 20
-28.9545638576672
 42
0.267415
 10
0.8321579854228104
 20
-28.76937485766722
 42
0.4764870000000001
 10
0.7073029854228424
 20
-28.73339585766722
 42
0.038825
 10
0.4053159854228455
 20
-28.98079985766718
 10
0.1680369854228445
 20
-29.20812785766724
 10
0.1680369854228445
 20
-16.04813885766718
 10
0.1680369854228445
 20
-2.888149857667187
 10
0.5007259854228608
 20
-2.843526857667185
 42
0.05178
 10
0.8921679854228443
 20
-2.749061857667228
 42
0.032195
 10
1.326821985422867
 20
-2.562912857667228
 42
0.032003
 10
1.738671985422826
 20
-2.319947857667202
 42
0.047303
 10
2.061568985422837
 20
-2.052628857667215
 42
0.044803
 10
2.328965985422854
 20
-1.732055857667191
 42
0.033961
 10
2.563654985422857
 20
-1.338541857667209
 42
0.034066
 10
2.742072985422822
 20
-0.9186068576671999
 42
0.046235
 10
2.840443985422808
 20
-0.5188018576671852
 10
2.894448985422826
 20
-0.1586718576672155
 10
31.98724298542283
 20
-0.1586718576672155
 10
61.08003698542285
 20
-0.1586718576672155
 10
61.08003698542285
 20
-0.366997857667215
 42
0.05152
 10
61.09154598542279
 20
-0.4783958576672234
 42
0.012673
 10
61.13378098542279
 20
-0.6577728576672115
 42
0.01284
 10
61.19295998542288
 20
-0.8618298576672458
 42
0.01252
 10
61.26299498542284
 20
-1.064324857667187
 42
0.08167
 10
61.63987098542287
 20
-1.721025857667243
 42
0.05868
 10
62.2483819854229
 20
-2.310596857667221
 42
0.060169
 10
62.95495798542282
 20
-2.726655857667182
 42
0.103361
 10
63.62121098542281
 20
-2.865871857667215
 10
63.87183698542282
 20
-2.865871857667215
 10
63.87054198542279
 20
-7.45542185766719
 42
-0.001195
 10
63.86519398542287
 20
-9.456604857667215
 42
-0.003425
 10
63.84863298542285
 20
-10.84685885766724
 42
-0.00121
 10
63.82617598542282
 20
-11.90691085766722
 42
-0.737521
 10
63.78680698542286
 20
-11.91807185766718
 42
-0.011639
 10
63.72900998542281
 20
-11.82440185766721
 42
-0.000285
 10
63.47360398542281
 20
-11.3874908576672
 42
-0.000619
 10
63.1749349854228
 20
-10.87444285766723
 42
-0.000421
 10
62.83635198542282
 20
-10.29003985766722
 42
0.005386
 10
62.49527798542288
 20
-9.714585857667245
 42
0.008524
 10
62.18935398542289
 20
-9.229713857667192
 42
0.003314
 10
61.91997398542281
 20
-8.824353857667219
 42
0.248205
 10
61.85271998542288
 20
-8.78838985766724
 42
0.481006
 10
61.78380698542281
 20
-8.87385185766719
 42
0.056531
 10
61.87558198542291
 20
-9.140907857667215
 42
0.018492
 10
62.1505719854228
 20
-9.667913857667187
 42
0.001914
 10
62.84826898542286
 20
-10.88156385766722
 10
63.87474998542285
 20
-12.65142285766721
 10
63.85214398542285
 20
-14.82023385766722
 10
63.82953698542286
 20
-16.98904485766722
 10
62.89962298542281
 20
-15.3841588576672
 42
0.00516
 10
62.35374798542278
 20
-14.4640858576672
 42
0.026205
 10
62.01822798542281
 20
-13.97175185766717
 42
0.117799
 10
61.84488598542287
 20
-13.82993885766721
 42
0.558823
 10
61.75857098542286
 20
-13.88502185766724
 42
0.12104
 10
61.77861098542286
 20
-13.96117585766721
 42
0.001046
 10
62.06991198542283
 20
-14.49400985766719
 42
0.003581
 10
62.41124098542281
 20
-15.10485185766718
 42
0.002292
 10
62.81601898542277
 20
-15.80967185766722
 10
63.87173298542285
 20
-17.62857185766721
 10
63.87086998542287
 20
-19.82817185766724
 10
63.87000798542288
 20
-22.02777185766722
 10
63.42409998542286
 20
-21.26637185766724
 42
-0.000358
 10
63.21723498542286
 20
-20.91256185766723
 42
-0.00019
 10
62.96140798542279
 20
-20.47390785766719
 42
-0.000189
 10
62.70018098542283
 20
-20.02521285766726
 42
-0.000294
 10
62.4751449854229
 20
-19.63782185766722
 42
0.009473
 10
62.27385598542281
 20
-19.30550885766722
 42
0.014393
 10
62.08535298542284
 20
-19.02539685766719
 42
0.008962
 10
61.91994298542289
 20
-18.80279485766719
 42
0.232514
 10
61.85459998542279
 20
-18.77067185766724
 42
0.474994
 10
61.78654198542284
 20
-18.85416285766722
 42
0.061027
 10
61.87135698542289
 20
-19.10597585766725
 42
0.018418
 10
62.13784198542277
 20
-19.6133558576672
 42
0.001725
 10
62.84344398542277
 20
-20.83464885766721
 10
63.87183698542282
 20
-22.60055185766718
 10
63.87183698542282
 20
-71.57251185766721
 10
63.87183698542282
 20
-120.5444718576672
 10
48.39003698542279
 20
-120.5444718576672
 10
32.90823698542289
 20
-120.5444718576672
 10
32.90823698542289
 20
-88.81947185766721
 10
32.90823698542289
 20
-57.09447185766721
 10
16.53813698542282
 20
-57.09447185766721
 10
0.1680369854228445
 20
-57.09447185766721
 10
0.1680369854228445
 20
-45.9691598576672
 10
0.1680369854228445
 20
-34.84384885766723
 10
-1.786517014577185
 20
-31.50255985766721
 42
0.002295
 10
-2.898985014577164
 20
-29.62067785766725
 42
0.013259
 10
-3.517577014577199
 20
-28.64486085766724
 42
0.034108
 10
-3.864176014577168
 20
-28.19799385766724
 42
0.6891790000000001
 10
-3.97736301457715
 20
-28.24110785766719
 42
0.130287
 10
-3.961528014577169
 20
-28.30084585766723
 42
0.000202
 10
-3.405928014577142
 20
-29.27430285766723
 42
0.00159
 10
-2.777856014577167
 20
-30.3656298576672
 42
0.00098
 10
-2.032051014577149
 20
-31.64625785766718
 10
-0.0867390145771481
 20
-34.97157185766723
 10
-0.0862510145771296
 20
-46.03302185766721
 10
-0.085763014577168
 20
-57.09447185766721
 10
-16.49825001457716
 20
-57.09447185766721
 10
-32.91073701457717
 20
-57.09447185766721
 10
-32.88950001457718
 20
-98.01972185766722
 10
-32.86826301457714
 20
-138.9449718576672
 10
-0.0011630145771449
 20
-138.9449718576672
 10
32.86593698542282
 20
-138.9449718576672
 10
32.8874679854228
 20
-129.8718468576672
 10
32.9089989854229
 20
-120.7987218576672
 10
48.4961679854228
 20
-120.7773468576672
 10
64.08333698542282
 20
-120.7559718576672
 10
64.10455998542278
 20
-71.89968385766722
 10
64.12578298542285
 20
-23.04339685766722
 10
65.02695598542283
 20
-24.59475685766721
 42
0.003945
 10
65.57107998542284
 20
-25.51467185766721
 42
0.02403
 10
65.87856298542277
 20
-25.97382485766717
 42
0.052664
 10
66.08085098542284
 20
-26.19387585766724
 42
0.395823
 10
66.20991198542282
 20
-26.18979685766719
 42
0.3310119999999999
 10
66.21597498542286
 20
-26.14858585766722
 42
0.000893
 10
65.92983798542281
 20
-25.61856885766723
 42
0.004635
 10
65.59621698542281
 20
-25.01660985766721
 42
0.002814
 10
65.19106298542277
 20
-24.31059785766722
 10
64.12563698542289
 20
-22.4779768576672
 10
64.12563698542289
 20
-20.26666285766724
 10
64.12563698542289
 20
-18.05534785766717
 10
65.03508698542288
 20
-19.6371738576672
 42
0.004148
 10
65.45730998542279
 20
-20.35765785766721
 42
0.012544
 10
65.76106698542282
 20
-20.83844885766722
 42
0.010446
 10
65.9920759854229
 20
-21.16936285766723
 42
0.235023
 10
66.09258698542288
 20
-21.22153585766721
 42
0.031705
 10
66.14930498542282
 20
-21.21890985766718
 42
0.049357
 10
66.19714698542288
 20
-21.20879885766719
 42
0.063901
 10
66.23024998542286
 20
-21.19343485766721
 42
0.25764
 10
66.24063698542278
 20
-21.17461385766721
 42
0.129765
 10
66.2309029854228
 20
-21.1377408576672
 42
0.000259
 10
65.92957698542278
 20
-20.60740585766722
 42
0.0018
 10
65.58767798542288
 20
-20.0113908576672
 42
0.001113
 10
65.18170898542286
 20
-19.31314285766721
 10
64.12278198542281
 20
-17.50112885766718
 10
64.14535898542289
 20
-15.32294985766718
 10
64.16793698542284
 20
-13.14477185766724
 10
65.08559998542279
 20
-14.73102185766719
 42
0.003157
 10
65.44255398542287
 20
-15.3391528576672
 42
0.005109
 10
65.75467098542282
 20
-15.8513108576672
 42
0.001208
 10
66.03202598542288
 20
-16.29374885766724
 42
0.257588
 10
66.07465698542291
 20
-16.31727185766719
 42
0.460269
 10
66.15583098542282
 20
-16.22246285766725
 42
0.066836
 10
66.07354298542287
 20
-15.94480685766721
 42
0.023319
 10
65.80514398542283
 20
-15.41408985766723
 42
0.003178
 10
65.18589698542285
 20
-14.3355738576672
 10
64.12563698542289
 20
-12.51585085766725
 10
64.12563698542289
 20
-7.702000857667243
 10
64.12563698542289
 20
-2.888149857667187
 10
64.44288698542283
 20
-2.843046857667204
 42
0.010014
 10
64.57463598542284
 20
-2.821615857667197
 42
0.009419
 10
64.70815298542283
 20
-2.794534857667187
 42
0.009425
 10
64.82557198542287
 20
-2.766073857667194
 42
0.031885
 10
64.90041898542284
 20
-2.741236857667203
 42
-0.404636
 10
65.03091498542284
 20
-2.79409385766722
 42
-0.03192
 10
65.17306798542285
 20
-3.179758857667238
 42
-0.007734
 10
65.41494798542277
 20
-4.040813857667203
 42
-0.000211
 10
66.41073298542284
 20
-7.814971857667202
 42
0.000357
 10
66.83962498542285
 20
-9.438604857667243
 42
0.00059
 10
67.20454098542285
 20
-10.80951985766721
 42
0.000028
 10
67.53530198542279
 20
-12.04596785766721
 42
0.128709
 10
67.54851198542286
 20
-12.06917685766721
 42
0.299406
 10
67.56982398542283
 20
-12.07384185766726
 42
0.001722
 10
67.76946798542287
 20
-11.9964618576672
 42
0.006353
 10
67.99921498542284
 20
-11.90311885766725
 42
0.003904
 10
68.2675119854228
 20
-11.78764685766724
 42
-0.004491
 10
68.53607698542288
 20
-11.6724328576672
 42
-0.007276
 10
68.76668098542285
 20
-11.57986785766722
 42
-0.002257
 10
68.96589798542283
 20
-11.50427785766725
 42
-0.295253
 10
68.99033998542285
 20
-11.50964185766723
 42
-0.089393
 10
69.00825098542288
 20
-11.53569785766721
 42
-0.000001
 10
72.07827598542286
 20
-18.33846885766722
 42
-0.000084
 10
75.45641698542278
 20
-25.8273578576672
 42
-0.00005
 10
79.46389998542287
 20
-34.71777185766722
 42
0.000009
 10
83.47681398542277
 20
-43.62219885766721
 42
0.000015
 10
86.87303398542287
 20
-51.1572698576672
 42
0.000001
 10
89.93095598542282
 20
-57.94120585766721
 42
0.002338
 10
90.01749698542283
 20
-58.13082185766721
 10
90.1249959854228
 20
-58.36347185766722
 10
111.8183669854228
 20
-58.36347185766722
 42
0.000186
 10
123.0988699854228
 20
-58.35927985766723
 42
0.001035
 10
129.1518899854229
 20
-58.34225285766722
 42
0.000112
 10
133.4315659854228
 20
-58.3203978576672
 42
0.510236
 10
133.4764879854228
 20
-58.25772185766722
 42
0.321079
 10
133.3902759854227
 20
-58.19516885766724
 42
0.00011
 10
129.1012349854228
 20
-58.16899185766722
 42
0.001034
 10
123.0561589854227
 20
-58.14593885766722
 42
0.000189
 10
111.8751689854228
 20
-58.13065885766723
 10
90.30910098542284
 20
-58.10934585766723
 10
79.79766898542283
 20
-34.78022785766722
 42
-0.000092
 10
75.76713598542283
 20
-25.83045185766717
 42
-0.000153
 10
72.37396998542289
 20
-18.2860838576672
 42
-0.000002
 10
69.29653598542285
 20
-11.4380368576672
 42
-0.105979
 10
69.28623698542281
 20
-11.3899908576672
 42
-0.268622
 10
69.30553798542286
 20
-11.35665785766723
 42
-0.005156
 10
69.48617998542289
 20
-11.25542985766724
 42
-0.010979
 10
69.70598798542283
 20
-11.14141185766719
 42
-0.00695
 10
69.96689398542281
 20
-11.0177358576672
 42
0.010257
 10
70.26799798542282
 20
-10.87255885766721
 42
0.029482
 10
70.46823398542284
 20
-10.7555788576672
 42
0.040702
 10
70.58853798542276
 20
-10.6604568576672
 42
0.305727
 10
70.60405898542291
 20
-10.59326185766723
 42
0.054292
 10
70.56017698542285
 20
-10.50790985766723
 42
0.000132
 10
69.7988109854229
 20
-9.354955857667206
 42
0.000851
 10
68.93780898542281
 20
-8.056680857667217
 42
0.00053
 10
67.92386298542277
 20
-6.536909857667225
 42
-0.001146
 10
66.23514798542277
 20
-3.998984857667196
 42
-0.015647
 10
65.65204898542282
 20
-3.055431857667244
 42
-0.058174
 10
65.45595998542279
 20
-2.599323857667215
 42
-0.4932420000000001
 10
65.56829198542283
 20
-2.444166857667241
 42
0.169777
 10
65.59803998542287
 20
-2.43283185766721
 42
0.0043
 10
65.7090209854228
 20
-2.337634857667225
 42
0.00872
 10
65.83781298542277
 20
-2.221202857667194
 42
0.00578
 10
65.9817139854228
 20
-2.083321857667201
 42
0.042662
 10
66.26875598542284
 20
-1.749319857667202
 42
0.03595
 10
66.51365598542287
 20
-1.352362857667216
 42
0.036331
 10
66.69652098542286
 20
-0.9296468576672367
 42
0.046736
 10
66.79804398542279
 20
-0.5188018576671852
 10
66.85204898542287
 20
-0.1586718576672155
 10
97.34074298542276
 20
-0.1586718576672155
 10
127.8294369854229
 20
-0.1586718576672155
 10
127.8294369854229
 20
-12.55257185766719
 42
0.000256
 10
127.8331109854228
 20
-19.71824185766722
 42
0.002303
 10
127.8508039854228
 20
-22.85967185766724
 42
0.000811
 10
127.8745969854228
 20
-24.86582685766722
 42
0.410271
 10
127.9563369854228
 20
-24.94647185766722
 42
0.412487
 10
128.0394739854228
 20
-24.86382385766721
 42
0.000204
 10
128.0619789854228
 20
-20.76582185766721
 42
0.001145
 10
128.0795979854228
 20
-14.4597388576672
 42
0.000126
 10
128.0832369854228
 20
0.0105281423327739
 42
0.000126
 10
128.0795979854228
 20
14.48079514233275
 42
0.001145
 10
128.0619789854228
 20
20.78687814233281
 42
0.000204
 10
128.0394739854228
 20
24.88488014233276
 42
0.412487
 10
127.9563369854228
 20
24.96752814233277
 42
0.4102870000000001
 10
127.8745879854228
 20
24.8868691423328
 42
0.000805
 10
127.8508029854228
 20
22.87367814233279
 42
0.002295
 10
127.8331109854228
 20
19.72159314233279
 42
0.000255
 10
127.8294369854229
 20
12.53132814233278
 10
127.8294369854229
 20
0.095128142332797
 10
97.33113698542281
 20
0.095128142332797
 10
66.83283698542282
 20
0.095128142332797
 10
66.83192098542287
 20
0.2854781423327637
 42
0.05892
 10
66.79858398542291
 20
0.5562231423327973
 42
0.022787
 10
66.6918159854228
 20
0.9195901423327796
 42
0.022886
 10
66.54544398542288
 20
1.28914514233277
 42
0.036544
 10
66.38389298542285
 20
1.587740142332805
 42
0.10898
 10
65.55064298542283
 20
2.419829142332744
 42
0.104388
 10
64.4318199854228
 20
2.840416142332756
 42
0.102019
 10
63.21691998542286
 20
2.777452142332791
 42
0.099448
 10
62.11361398542289
 20
2.239917142332799
 42
0.060292
 10
61.80234098542285
 20
1.936850142332801
 42
0.035714
 10
61.50640698542287
 20
1.51064214233277
 42
0.035352
 10
61.26928098542288
 20
1.037807142332795
 42
0.051638
 10
61.13572198542289
 20
0.5918501423328309
 10
61.04132398542282
 20
0.095128142332797
 10
31.95828098542285
 20
0.095128142332797
 10
2.875236985422844
 20
0.095128142332797
 10
2.875236985422844
 20
0.2756631423328173
 42
0.081557
 10
2.803309985422828
 20
0.7136921423327891
 42
0.03357
 10
2.572429985422871
 20
1.271202142332825
 42
0.033649
 10
2.261866985422813
 20
1.804900142332783
 42
0.064891
 10
1.934977985422875
 20
2.174699142332784
 42
0.076938
 10
1.21856898542282
 20
2.627594142332796
 42
0.073792
 10
0.3884289854228484
 20
2.850963142332787
 42
0.072638
 10
-0.4825940145771881
 20
2.825270142332797
 42
0.070857
 10
-1.317854014577193
 20
2.552187142332755
 42
0.062622
 10
-1.882525014577169
 20
2.180172142332779
 42
0.056968
 10
-2.358076014577164
 20
1.669042142332799
 42
0.058249
 10
-2.696741014577156
 20
1.07642114233279
 42
0.07277
 10
-2.857957014577181
 20
0.4643021423327838
 10
-2.89956801457717
 20
0.095128142332797
 10
-33.34456501457717
 20
0.095128142332797
 10
-63.78956301457717
 20
0.095128142332797
 10
-63.78956301457717
 20
12.53132814233278
 42
0.000255
 10
-63.79323701457716
 20
19.72159314233279
 42
0.002295
 10
-63.81092901457717
 20
22.87367814233279
 42
0.000805
 10
-63.83471401457715
 20
24.8868691423328
 42
0.4102870000000001
 10
-63.91646301457715
 20
24.96752814233277
 42
0.412487
 10
-63.99960001457717
 20
24.88488014233276
 42
0.000204
 10
-64.02210501457713
 20
20.78687814233281
 42
0.001145
 10
-64.03972401457716
 20
14.48079514233275
 42
0.000126
  0
LWPOLYLINE
  5
426
330
1F
100
AcDbEntity
  8
0
100
AcDbPolyline
 90
       20
 70
     1
 43
0.0
 10
1.074451985422825
 20
2.381666142332747
 42
-0.058676
 10
1.496169985422824
 20
2.138257142332761
 42
-0.046107
 10
1.888725985422837
 20
1.784936142332767
 42
-0.045275
 10
2.217101985422829
 20
1.357712142332744
 42
-0.051022
 10
2.448234985422828
 20
0.8945491423327922
 42
-0.095211
 10
2.609855985422854
 20
-0.040988857667216
 42
-0.092379
 10
2.416440985422838
 20
-0.9805778576672281
 42
-0.091358
 10
1.894578985422839
 20
-1.795724857667195
 42
-0.090609
 10
1.1151229854228
 20
-2.37413285766722
 42
-0.073085
 10
0.6194999854228343
 20
-2.53386185766719
 42
-0.042259
 10
-0.0059480145771715
 20
-2.584879857667246
 42
-0.042322
 10
-0.6289100145772011
 20
-2.530123857667192
 42
-0.075211
 10
-1.116431014577159
 20
-2.367263857667225
 42
-0.084762
 10
-1.873623014577191
 20
-1.801543857667226
 42
-0.085927
 10
-2.3959310145772
 20
-1.019064857667203
 42
-0.088353
 10
-2.615283014577158
 20
-0.1261958576672413
 42
-0.096632
 10
-2.501457014577141
 20
0.7580981423328268
 42
-0.099824
 10
-1.947209014577168
 20
1.726851142332762
 42
-0.106889
 10
-1.072361014577182
 20
2.377084142332776
 42
-0.107362
 10
-0.0103080145771912
 20
2.606003142332795
 42
-0.101509
  0
LWPOLYLINE
  5
427
330
1F
100
AcDbEntity
  8
0
100
AcDbPolyline
 90
       28
 70
     1
 43
0.0
 10
65.03205198542281
 20
2.381666142332747
 42
-0.058676
 10
65.45376998542287
 20
2.138257142332761
 42
-0.046107
 10
65.84632598542288
 20
1.784936142332767
 42
-0.045275
 10
66.17470198542282
 20
1.357712142332744
 42
-0.051022
 10
66.40583498542281
 20
0.8945491423327922
 42
-0.088078
 10
66.56727498542278
 20
0.0329051423327798
 42
-0.084392
 10
66.42654598542282
 20
-0.8454338576672029
 42
-0.083339
 10
66.00070698542282
 20
-1.63702285766719
 42
-0.082918
 10
65.33912698542287
 20
-2.247806857667214
 42
-0.017924
 10
65.2194659854228
 20
-2.320219857667197
 42
-0.110966
 10
65.15100098542285
 20
-2.340450857667221
 42
-0.193797
 10
65.0998319854229
 20
-2.323689857667247
 42
-0.076931
 10
65.05031198542287
 20
-2.26698285766723
 42
0.013422
 10
65.00780098542287
 20
-2.203643857667245
 42
0.3151489999999999
 10
64.98851798542279
 20
-2.196773857667196
 42
0.319966
 10
64.97569398542276
 20
-2.212531857667201
 42
0.01365
 10
64.9729319854228
 20
-2.288260857667225
 42
-0.343867
 10
64.79241698542279
 20
-2.515383857667231
 42
-0.050336
 10
64.16892198542285
 20
-2.600865857667187
 42
-0.048299
 10
63.43610398542279
 20
-2.556212857667205
 42
-0.077468
 10
62.84116898542283
 20
-2.364320857667209
 42
-0.063933
 10
62.26572598542287
 20
-1.975412857667251
 42
-0.061871
 10
61.79992298542282
 20
-1.449849857667217
 42
-0.063057
 10
61.48399798542283
 20
-0.8365298576672302
 42
-0.071653
 10
61.34843598542289
 20
-0.1899008576672116
 42
-0.127757
 10
61.60097698542284
 20
1.119357142332788
 42
-0.129887
 10
62.45802998542291
 20
2.130685142332779
 42
-0.129291
 10
63.70625598542284
 20
2.589581142332761
 42
-0.126011
  0
LWPOLYLINE
  5
428
330
1F
100
AcDbEntity
  8
0
100
AcDbPolyline
 90
      180
 70
     1
 43
0.0
 10
-0.0881370145771996
 20
-60.33042185766722
 10
-0.0946410145771495
 20
-63.22797185766721
 10
0.2544039854228401
 20
-63.29762785766722
 42
-0.087622
 10
0.5902359854228792
 20
-63.4285698576672
 42
-0.055569
 10
0.9235289854228483
 20
-63.68595785766719
 42
-0.056133
 10
1.18749098542284
 20
-64.0057618576672
 42
-0.098425
 10
1.314832985422839
 20
-64.3230528576672
 42
-0.05217
 10
1.343499985422823
 20
-64.6753158576672
 42
-0.070631
 10
1.291400985422825
 20
-64.9899978576672
 42
-0.070019
 10
1.1532399854228
 20
-65.2797698576672
 42
-0.050212
 10
0.9259079854228104
 20
-65.55800085766721
 42
-0.025465
 10
0.7545659854228291
 20
-65.71272485766719
 42
-0.040356
 10
0.5917409854228311
 20
-65.8248118576672
 42
-0.045193
 10
0.4278809854228314
 20
-65.90033785766722
 42
-0.045784
 10
0.253826985422819
 20
-65.94479485766722
 42
0.055651
 10
-0.0105310145771966
 20
-66.01788685766719
 42
0.277283
 10
-0.0997400145771792
 20
-66.13550885766724
 42
0.354028
 10
-0.0304450145771682
 20
-66.24300085766721
 42
0.066643
 10
0.2165269854228029
 20
-66.28911285766723
 42
-0.131255
 10
0.6646289854228087
 20
-66.43389485766722
 42
-0.091563
 10
1.053086985422822
 20
-66.80026685766724
 42
-0.088459
 10
1.295252985422877
 20
-67.29453685766721
 42
-0.110443
 10
1.325374985422826
 20
-67.80345685766723
 42
-0.092081
 10
1.178598985422837
 20
-68.21249885766722
 42
-0.070908
 10
0.883629985422857
 20
-68.58501385766722
 42
-0.073423
 10
0.5090269854228211
 20
-68.84844785766718
 42
-0.117109
 10
0.1299379854227993
 20
-68.93847185766721
 42
0.097693
 10
-0.0334300145771351
 20
-68.97069885766722
 42
0.351761
 10
-0.0812810145771721
 20
-69.0573058576672
 42
0.234595
 10
-0.0068860145771339
 20
-69.15879385766725
 42
0.070109
 10
0.1794829854228226
 20
-69.22417085766723
 42
-0.089847
 10
0.6212369854228257
 20
-69.39887785766721
 42
-0.076333
 10
1.002705985422807
 20
-69.72556385766721
 42
-0.077801
 10
1.262659985422857
 20
-70.14489285766721
 42
-0.100247
 10
1.352436985422826
 20
-70.5881718576672
 42
-0.107691
 10
1.254545985422822
 20
-71.03739785766719
 42
-0.075434
 10
0.9698599854228575
 20
-71.47221085766723
 42
-0.077851
 10
0.5805329854228205
 20
-71.79036185766721
 42
-0.133215
 10
0.178274985422803
 20
-71.89947185766722
 42
0.044949
 10
0.0808149854227907
 20
-71.90825085766722
 42
0.051763
 10
-0.008789014577161
 20
-71.93431885766724
 42
0.059184
 10
-0.0780850145771694
 20
-71.9726058576672
 42
0.146379
 10
-0.1131830145771744
 20
-72.01810085766722
 42
0.096228
 10
-0.1309600145771981
 20
-72.1189158576672
 42
0.217519
 10
-0.0982850145771579
 20
-72.18730985766722
 42
0.140012
 10
-0.0097720145771234
 20
-72.22668185766723
 42
0.035093
 10
0.1494679854228309
 20
-72.2378718576672
 42
-0.129022
 10
0.5641189854228231
 20
-72.3466808576672
 42
-0.078965
 10
0.9625359854228747
 20
-72.66288385766724
 42
-0.076959
 10
1.252524985422809
 20
-73.0971888576672
 42
-0.109208
 10
1.352436985422826
 20
-73.54917185766722
 42
-0.100247
 10
1.262659985422857
 20
-73.99245085766721
 42
-0.077801
 10
1.002705985422807
 20
-74.41177985766721
 42
-0.076333
 10
0.6212369854228257
 20
-74.73846585766721
 42
-0.089847
 10
0.1794829854228226
 20
-74.91317285766719
 10
-0.085763014577168
 20
-74.96622185766721
 10
-0.085763014577168
 20
-79.60864685766721
 10
-0.085763014577168
 20
-84.25107185766721
 10
-8.503463014577135
 20
-84.25107185766721
 10
-16.92116301457716
 20
-84.25107185766721
 10
-16.92116301457716
 20
-101.2133718576672
 10
-16.92116301457716
 20
-118.1756718576672
 10
-14.34086301457714
 20
-118.1756718576672
 10
-11.76056301457717
 20
-118.1756718576672
 10
-11.76056301457717
 20
-120.7559718576672
 10
-11.76056301457717
 20
-123.3362718576672
 10
-7.572863014577166
 20
-123.3362718576672
 10
-3.385163014577159
 20
-123.3362718576672
 10
-3.385163014577159
 20
-124.3091718576672
 42
0.004301
 10
-3.380636014577163
 20
-124.8353818576672
 42
0.028132
 10
-3.361254014577156
 20
-125.0987718576672
 42
0.065619
 10
-3.32409301457713
 20
-125.2380428576672
 42
0.303591
 10
-3.258263014577181
 20
-125.2820718576672
 42
0.370774
 10
-3.186271014577158
 20
-125.2201768576672
 42
0.022407
 10
-3.153804014577161
 20
-124.9142968576672
 42
0.013515
 10
-3.135387014577162
 20
-124.3714388576672
 42
0.001721
 10
-3.131363014577146
 20
-123.2023218576672
 42
0.002072
 10
-3.135754014577202
 20
-122.1427058576672
 42
0.010847
 10
-3.153232014577127
 20
-121.5599098576672
 42
0.011163
 10
-3.180311014577142
 20
-121.1946388576672
 42
0.48148
 10
-3.237113014577147
 20
-121.1576648576672
 42
0.261784
 10
-3.288349014577164
 20
-121.2139698576672
 42
0.023671
 10
-3.323480014577143
 20
-121.4082508576672
 42
0.02021
 10
-3.35013001457716
 20
-121.6998248576672
 42
0.006355
 10
-3.366784014577177
 20
-122.1376148576672
 10
-3.390704014577153
 20
-123.0824718576672
 10
-7.448734014577183
 20
-123.0824718576672
 10
-11.50676301457716
 20
-123.0824718576672
 10
-11.50676301457716
 20
-120.6290718576672
 10
-11.50676301457716
 20
-118.1756718576672
 10
-0.0011630145771449
 20
-118.1756718576672
 10
11.50443698542281
 20
-118.1756718576672
 10
11.50443698542281
 20
-120.6290718576672
 10
11.50443698542281
 20
-123.0824718576672
 10
7.446407985422837
 20
-123.0824718576672
 10
3.388377985422863
 20
-123.0824718576672
 10
3.364457985422831
 20
-122.1376148576672
 42
0.006355
 10
3.347803985422814
 20
-121.6998248576672
 42
0.02021
 10
3.321153985422853
 20
-121.4082508576672
 42
0.023671
 10
3.286022985422818
 20
-121.2139698576672
 42
0.261784
 10
3.234786985422857
 20
-121.1576648576672
 42
0.48148
 10
3.177984985422853
 20
-121.1946388576672
 42
0.011163
 10
3.150905985422838
 20
-121.5599098576672
 42
0.010847
 10
3.133427985422855
 20
-122.1427058576672
 42
0.002072
 10
3.129036985422857
 20
-123.2023218576672
 42
0.001721
 10
3.133060985422872
 20
-124.3714388576672
 42
0.013515
 10
3.151477985422872
 20
-124.9142968576672
 42
0.022407
 10
3.183944985422868
 20
-125.2201768576672
 42
0.370774
 10
3.255936985422835
 20
-125.2820718576672
 42
0.303591
 10
3.32176698542284
 20
-125.2380428576672
 42
0.065619
 10
3.358927985422866
 20
-125.0987718576672
 42
0.028132
 10
3.378309985422816
 20
-124.8353818576672
 42
0.004301
 10
3.382836985422812
 20
-124.3091718576672
 10
3.382836985422812
 20
-123.3362718576672
 10
7.570536985422819
 20
-123.3362718576672
 10
11.75823698542282
 20
-123.3362718576672
 10
11.75823698542282
 20
-120.7571948576672
 10
11.75823698542282
 20
-118.1781168576672
 10
14.35968698542282
 20
-118.1557448576672
 10
16.96113698542282
 20
-118.1333718576672
 10
16.98249398542285
 20
-101.1922218576672
 10
17.00385198542281
 20
-84.25107185766721
 10
8.585943985422801
 20
-84.25107185766721
 10
0.1680369854228445
 20
-84.25107185766721
 10
0.1680369854228445
 20
-79.72658385766722
 10
0.1680369854228445
 20
-75.20209585766723
 10
0.4006869854228228
 20
-75.14441985766722
 42
0.135425
 10
1.125926985422808
 20
-74.7366328576672
 42
0.131765
 10
1.548716985422828
 20
-74.01063185766723
 42
0.131011
 10
1.55275398542281
 20
-73.1671428576672
 42
0.133191
 10
1.135656985422855
 20
-72.43963885766722
 10
0.7772269854228569
 20
-72.08120985766719
 10
1.143550985422876
 20
-71.69889385766724
 42
0.052664
 10
1.393312985422795
 20
-71.37628585766724
 42
0.067164
 10
1.54635598542282
 20
-71.03307285766719
 42
0.066729
 10
1.603563985422823
 20
-70.65976685766724
 42
0.051107
 10
1.569167985422865
 20
-70.24790085766721
 42
0.048801
 10
1.496043985422801
 20
-69.99641885766722
 42
0.02374
 10
1.357088985422848
 20
-69.69179985766719
 42
0.016085
 10
1.202075985422851
 20
-69.41310685766722
 42
0.250616
 10
1.111430985422856
 20
-69.35878085766721
 42
-0.101206
 10
1.081144985422866
 20
-69.35103085766719
 42
-0.016618
 10
1.027402985422867
 20
-69.32267685766719
 42
-0.017694
 10
0.965587985422843
 20
-69.2844288576672
 42
-0.014797
 10
0.9027429854228614
 20
-69.23965085766723
 42
-0.099505
 10
0.8323269854228385
 20
-69.15997385766722
 42
-0.242882
 10
0.8286099854228439
 20
-69.08398185766721
 42
-0.082877
 10
0.8987559854228095
 20
-68.9799018576672
 42
-0.006747
 10
1.128901985422857
 20
-68.74345885766722
 42
0.019694
 10
1.322096985422859
 20
-68.53441485766724
 42
0.047185
 10
1.443300985422837
 20
-68.3618558576672
 42
0.055193
 10
1.518809985422848
 20
-68.18705185766718
 42
0.037174
 10
1.566966985422794
 20
-67.97485385766719
 42
0.059177
 10
1.583182985422837
 20
-67.44566285766722
 42
0.067431
 10
1.471523985422862
 20
-66.95153985766724
 42
0.07368
 10
1.245558985422832
 20
-66.54181085766722
 42
0.096837
 10
0.9270789854228098
 20
-66.25872185766723
 10
0.6833449854228491
 20
-66.11474485766722
 10
0.9665449854228711
 20
-65.92230485766721
 42
0.077624
 10
1.213440985422863
 20
-65.69147385766722
 42
0.051624
 10
1.419986985422809
 20
-65.36269785766719
 42
0.05053
 10
1.55927798542288
 20
-64.98900485766721
 42
0.064041
 10
1.606236985422839
 20
-64.62387185766722
 42
0.085678
 10
1.516950985422823
 20
-64.10664085766722
 42
0.078468
 10
1.258366985422838
 20
-63.63160485766723
 42
0.079265
 10
0.8688879854227877
 20
-63.2632808576672
 42
0.090385
 10
0.4006869854228228
 20
-63.0547498576672
 10
0.1680369854228445
 20
-62.99812885766719
 10
0.1680369854228445
 20
-60.21550085766721
 10
0.1680369854228445
 20
-57.43287185766719
 10
16.36893698542283
 20
-57.43287185766719
 10
32.5698369854228
 20
-57.43287185766719
 10
32.5698369854228
 20
-98.04087185766723
 10
32.5698369854228
 20
-138.6488718576672
 10
-0.0011630145771449
 20
-138.6488718576672
 10
-32.57216301457717
 20
-138.6488718576672
 10
-32.57216301457717
 20
-98.04087185766723
 10
-32.57216301457717
 20
-57.43287185766719
 10
-16.32689801457715
 20
-57.43287185766719
 10
-0.0816320145771386
 20
-57.43287185766719
  0
LWPOLYLINE
  5
429
330
1F
100
AcDbEntity
  8
0
100
AcDbPolyline
 90
        8
 70
     1
 43
0.0
 10
16.74963698542282
 20
-101.2133718576672
 10
16.74963698542282
 20
-117.9218718576672
 10
0.0411369854228099
 20
-117.9218718576672
 10
-16.66736301457715
 20
-117.9218718576672
 10
-16.66736301457715
 20
-101.2133718576672
 10
-16.66736301457715
 20
-84.5048718576672
 10
0.0411369854228099
 20
-84.5048718576672
 10
16.74963698542282
 20
-84.5048718576672
  0
LWPOLYLINE
  5
42A
330
1F
100
AcDbEntity
  8
0
100
AcDbPolyline
 90
       32
 70
     1
 43
0.0
 10
-87.78501935819836
 20
23.7871761423328
 42
0.064476
 10
-89.30983735819836
 20
23.33439114233279
 42
0.071898
 10
-90.60788235819833
 20
22.51882214233275
 42
0.071825
 10
-91.62285735819834
 20
21.36826714233281
 42
0.064158
 10
-92.31812235819834
 20
19.93382814233276
 42
0.048828
 10
-92.47649435819836
 20
19.24380514233276
 42
0.030691
 10
-92.53166435819839
 20
18.41749614233278
 42
0.030616
 10
-92.48516435819837
 20
17.58660114233278
 42
0.046929
 10
-92.33431535819836
 20
16.8820031423328
 42
0.076116
 10
-91.54902035819834
 20
15.28349014233278
 42
0.080573
 10
-90.33377535819836
 20
14.02865814233276
 42
0.081255
 10
-88.79377235819834
 20
13.22990514233278
 42
0.079245
 10
-87.06591935819835
 20
12.95432814233278
 42
0.074365
 10
-85.41237835819833
 20
13.20162614233278
 42
0.079074
 10
-83.94138235819836
 20
13.92080014233279
 42
0.078068
 10
-82.75178535819836
 20
15.07055714233281
 42
0.06998
 10
-81.91826135819836
 20
16.57169314233279
 42
0.022073
 10
-81.79615735819831
 20
16.93648214233276
 42
0.039981
 10
-81.73398335819834
 20
17.24486714233281
 42
0.025963
 10
-81.70758835819837
 20
17.63757514233278
 42
0.004702
 10
-81.70335335819832
 20
18.36872814233278
 42
0.012746
 10
-81.72909635819834
 20
19.25310814233275
 42
0.042341
 10
-81.80975935819835
 20
19.82873214233281
 42
0.045972
 10
-81.98247535819835
 20
20.3574631423328
 42
0.017074
 10
-82.31733035819834
 20
21.06550414233279
 42
0.049731
 10
-82.67058235819835
 20
21.61026914233282
 42
0.027372
 10
-83.20041535819834
 20
22.2030381423328
 42
0.027251
 10
-83.79992335819835
 20
22.74191114233277
 42
0.04412
 10
-84.36938935819837
 20
23.1227981423328
 42
0.042945
 10
-85.16940835819836
 20
23.47574514233277
 42
0.034398
 10
-86.07955735819833
 20
23.71872414233276
 42
0.035079
 10
-86.98898835819836
 20
23.83021314233277
 42
0.052982
  0
LWPOLYLINE
  5
42B
330
1F
100
AcDbEntity
  8
0
100
AcDbPolyline
 90
       28
 70
     1
 43
0.0
 10
-85.62771935819837
 20
23.3396571423328
 42
-0.024727
 10
-84.97825835819837
 20
23.10537814233278
 42
-0.036426
 10
-84.43744235819835
 20
22.83170614233275
 42
-0.036401
 10
-83.94180435819837
 20
22.48229714233277
 42
-0.024649
 10
-83.42945335819834
 20
22.01811714233283
 42
-0.077087
 10
-82.43220535819833
 20
20.65474814233279
 42
-0.084153
 10
-81.93247735819838
 20
19.09334314233275
 42
-0.084195
 10
-81.97533835819834
 20
17.4551301423328
 42
-0.077262
 10
-82.55138635819836
 20
15.86902114233278
 42
-0.025877
 10
-82.71078735819836
 20
15.6115411423328
 42
-0.013089
 10
-82.93630435819835
 20
15.3036981423328
 42
-0.012965
 10
-83.18636835819836
 20
14.99720814233275
 42
-0.018826
 10
-83.42377035819835
 20
14.74131614233279
 42
-0.096639
 10
-85.10562035819834
 20
13.60903614233281
 42
-0.100405
 10
-87.06681035819839
 20
13.21206014233276
 42
-0.100361
 10
-89.02834835819835
 20
13.61065114233277
 42
-0.09647
 10
-90.71113735819835
 20
14.74438514233277
 42
-0.057706
 10
-91.51017135819836
 20
15.75233214233277
 42
-0.060212
 10
-92.04418235819833
 20
16.90232714233282
 42
-0.062096
 10
-92.27752435819832
 20
18.11288414233281
 42
-0.069029
 10
-92.19260635819836
 20
19.29932814233281
 42
-0.07531
 10
-91.61613635819833
 20
20.8325871423328
 42
-0.076186
 10
-90.61312835819833
 20
22.11951514233279
 42
-0.076245
 10
-89.27150635819836
 20
23.0462251423328
 42
-0.075605
 10
-87.70996235819836
 20
23.53160514233277
 42
-0.036197
 10
-87.23878135819836
 20
23.5684711423328
 42
-0.024416
 10
-86.69976335819834
 20
23.54522514233282
 42
-0.023779
 10
-86.14560935819836
 20
23.46743114233278
 42
-0.027441
  0
LWPOLYLINE
  5
42C
330
1F
100
AcDbEntity
  8
0
100
AcDbPolyline
 90
       32
 70
     1
 43
0.0
 10
142.38178357766
 20
23.81096090436695
 42
0.0718
 10
140.94594957766
 20
23.36338490436693
 42
0.068888
 10
139.67273757766
 20
22.52358990436689
 42
0.068319
 10
138.66690357766
 20
21.3621579043669
 42
0.068615
 10
138.01303757766
 20
19.97428890436693
 42
0.044974
 10
137.8585085776599
 20
19.26112490436692
 42
0.029957
 10
137.8053285776601
 20
18.42605790436688
 42
0.030119
 10
137.8520855776599
 20
17.59964490436694
 42
0.049137
 10
138.00171157766
 20
16.91424690436692
 42
0.05419
 10
138.5781765776599
 20
15.62823490436689
 42
0.064017
 10
139.3923855776599
 20
14.5737909043669
 42
0.064017
 10
140.44682957766
 20
13.75958190436695
 42
0.05419
 10
141.73284157766
 20
13.18311690436691
 42
0.049137
 10
142.41823957766
 20
13.0334909043669
 42
0.030119
 10
143.24465257766
 20
12.98673390436694
 42
0.029957
 10
144.07971957766
 20
13.03991390436694
 42
0.044974
 10
144.79288357766
 20
13.19444290436691
 42
0.058657
 10
146.01810257766
 20
13.74225390436693
 42
0.060591
 10
147.0679055776599
 20
14.5547659043669
 42
0.060764
 10
147.88990857766
 20
15.59291290436694
 42
0.059595
 10
148.4446885776599
 20
16.80484990436692
 42
0.049887
 10
148.59127057766
 20
17.49071890436688
 42
0.02483
 10
148.64568157766
 20
18.3785469043669
 42
0.024812
 10
148.61204057766
 20
19.26214090436691
 42
0.052926
 10
148.48083757766
 20
19.93198890436692
 42
0.055872
 10
147.9271435776599
 20
21.20314190436689
 42
0.064048
 10
147.1254885776599
 20
22.25690090436696
 42
0.064366
 10
146.0869825776601
 20
23.06951690436689
 42
0.05729
 10
144.8351835776599
 20
23.62997690436693
 42
0.044365
 10
144.35287657766
 20
23.73673290436689
 42
0.013882
 10
143.6155755776599
 20
23.81174990436689
 42
0.013887
 10
142.8751395776599
 20
23.84573290436692
 42
0.044256
  0
LWPOLYLINE
  5
42D
330
1F
100
AcDbEntity
  8
0
100
AcDbPolyline
 90
       40
 70
     1
 43
0.0
 10
144.79288357766
 20
23.35545490436694
 42
-0.061631
 10
145.9152455776599
 20
22.84206890436691
 42
-0.059352
 10
146.8944975776599
 20
22.06517290436689
 42
-0.058953
 10
147.66938057766
 20
21.0745139043669
 42
-0.059247
 10
148.19013357766
 20
19.93198890436692
 42
-0.047067
 10
148.3431175776599
 20
19.23223990436692
 42
-0.030269
 10
148.3935105776599
 20
18.4024779043669
 42
-0.030422
 10
148.34367257766
 20
17.58225890436695
 42
-0.05183
 10
148.1905495776599
 20
16.91347390436694
 42
-0.023766
 10
147.9411325776599
 20
16.28200090436691
 42
-0.032469
 10
147.65410557766
 20
15.74206690436689
 42
-0.03312
 10
147.30450157766
 20
15.25208790436694
 42
-0.026318
 10
146.86683257766
 20
14.77138890436693
 42
-0.043887
 10
146.05882157766
 20
14.1019549043669
 42
-0.052414
 10
145.19107757766
 20
13.62855090436694
 42
-0.052907
 10
144.2509015776599
 20
13.34903590436694
 42
-0.046095
 10
143.2277835776599
 20
13.25553290436689
 42
-0.0109
 10
142.7796165776599
 20
13.26574690436691
 42
-0.023201
 10
142.43440157766
 20
13.29724090436691
 42
-0.026526
 10
142.1241735776601
 20
13.35703790436692
 42
-0.0198
 10
141.78958357766
 20
13.45435590436689
 42
-0.055258
 10
140.6023005776599
 20
14.00325690436695
 42
-0.06056
 10
139.60385457766
 20
14.78525990436692
 42
-0.06056
 10
138.82185157766
 20
15.78370590436692
 42
-0.055258
 10
138.27295057766
 20
16.9709889043669
 42
-0.046716
 10
138.11790857766
 20
17.63530890436693
 42
-0.032938
 10
138.06419057766
 20
18.4007459043669
 42
-0.032911
 10
138.1114735776601
 20
19.16755390436692
 42
-0.046275
 10
138.26087957766
 20
19.83609290436693
 42
-0.0556
 10
138.8074405776601
 20
21.04878090436689
 42
-0.062097
 10
139.59168457766
 20
22.06227690436692
 42
-0.062527
 10
140.59560557766
 20
22.84676190436695
 42
-0.057642
 10
141.78958357766
 20
23.38463490436693
 42
-0.007656
 10
141.9701375776599
 20
23.43906390436691
 42
-0.006449
 10
142.16288157766
 20
23.49128390436694
 42
-0.006514
 10
142.34004057766
 20
23.53438590436692
 42
-0.017891
 10
142.46638357766
 20
23.55866490436689
 42
-0.044749
 10
142.93776157766
 20
23.58917490436688
 42
-0.015582
 10
143.6177355776599
 20
23.55108190436694
 42
-0.015783
 10
144.3012015776599
 20
23.46957990436694
 42
-0.038931
  0
LWPOLYLINE
  5
45E
330
1F
100
AcDbEntity
  8
0
100
AcDbPolyline
 90
       32
 70
     1
 43
0.0
 10
8.458836985422834
 20
-2.355867857667234
 42
0.066364
 10
7.032025985422848
 20
-2.835502857667208
 42
0.070834
 10
5.815354985422828
 20
-3.664764857667236
 42
0.069592
 10
4.861921985422867
 20
-4.814931857667247
 42
0.060772
 10
4.207365985422853
 20
-6.235429857667199
 42
0.048703
 10
4.058818985422846
 20
-6.922022857667215
 42
0.029981
 10
4.012664985422844
 20
-7.748346857667215
 42
0.030004
 10
4.065612985422802
 20
-8.572747857667181
 42
0.049454
 10
4.219880985422804
 20
-9.253171857667197
 42
0.057066
 10
4.81073498542284
 20
-10.52205585766721
 42
0.060384
 10
5.663974985422811
 20
-11.59810385766722
 42
0.06095
 10
6.741696985422862
 20
-12.43108685766718
 42
0.060085
 10
7.993536985422821
 20
-12.98446985766723
 42
0.0511
 10
8.664559985422812
 20
-13.11636885766721
 42
0.026598
 10
9.51778398542288
 20
-13.14948585766721
 42
0.026597
 10
10.3702539854228
 20
-13.09179585766723
 42
0.050792
 10
11.03913698542285
 20
-12.94064085766722
 42
0.026082
 10
11.69182298542281
 20
-12.68305085766722
 42
0.030364
 10
12.28062998542285
 20
-12.3699288576672
 42
0.030782
 10
12.82032098542279
 20
-11.99191785766719
 42
0.028255
 10
13.32601798542285
 20
-11.54022585766721
 42
0.045551
 10
14.01839598542281
 20
-10.70848485766719
 42
0.053713
 10
14.50551898542281
 20
-9.807951857667191
 42
0.053325
 10
14.79210198542282
 20
-8.818714857667245
 42
0.043886
 10
14.88843698542283
 20
-7.723274857667192
 42
0.075719
 10
14.62357898542282
 20
-5.984351857667192
 42
0.083667
 10
13.85473698542282
 20
-4.467943857667236
 42
0.083453
 10
12.62942598542284
 20
-3.284339857667234
 42
0.074846
 10
11.03913698542285
 20
-2.511917857667228
 42
0.043902
 10
10.50547898542285
 20
-2.395385857667221
 42
0.016711
 10
9.746624985422812
 20
-2.323977857667202
 42
0.016621
 10
8.987917985422853
 20
-2.303361857667184
 42
0.046454
  0
LWPOLYLINE
  5
45F
330
1F
100
AcDbEntity
  8
0
100
AcDbPolyline
 90
       32
 70
     1
 43
0.0
 10
11.0558209854228
 20
-2.808158857667237
 42
-0.077599
 10
12.50439198542281
 20
-3.550389857667241
 42
-0.07811
 10
13.65401198542284
 20
-4.697485857667217
 42
-0.078424
 10
14.39288798542279
 20
-6.137534857667205
 42
-0.079172
 10
14.64915898542287
 20
-7.730371857667236
 42
-0.084068
 10
14.37674898542283
 20
-9.353961857667215
 42
-0.081226
 10
13.58391598542286
 20
-10.81888285766722
 42
-0.07937
 10
12.34640298542283
 20
-11.98153985766724
 42
-0.0751
 10
10.78533698542284
 20
-12.7277308576672
 42
-0.047678
 10
10.14675998542284
 20
-12.8576368576672
 42
-0.029969
 10
9.385311985422816
 20
-12.89229685766723
 42
-0.029982
 10
8.625871985422833
 20
-12.8357068576672
 42
-0.048036
 10
7.993536985422821
 20
-12.68743485766718
 42
-0.05426
 10
6.801175985422872
 20
-12.13374785766722
 42
-0.060703
 10
5.804607985422848
 20
-11.35324985766719
 42
-0.060804
 10
5.025918985422805
 20
-10.35749885766721
 42
-0.054732
 10
4.476528985422845
 20
-9.168571857667231
 42
-0.046813
 10
4.319284985422854
 20
-8.496848857667188
 42
-0.034063
 10
4.266894985422851
 20
-7.730883857667251
 42
-0.034056
 10
4.318995985422844
 20
-6.964667857667208
 42
-0.046706
 10
4.475976985422818
 20
-6.292171857667241
 42
-0.044188
 10
4.918369985422856
 20
-5.277050857667219
 42
-0.049223
 10
5.519301985422856
 20
-4.394264857667209
 42
-0.050817
 10
6.261857985422835
 20
-3.669586857667226
 42
-0.05332
 10
7.124046985422836
 20
-3.122859857667194
 42
-0.014233
 10
7.432378985422843
 20
-2.981405857667184
 42
-0.010585
 10
7.780159985422841
 20
-2.842300857667211
 42
-0.010719
 10
8.114042985422855
 20
-2.724987857667244
 42
-0.023722
 10
8.374236985422811
 20
-2.653253857667195
 42
-0.042084
 10
8.989338985422847
 20
-2.568166857667208
 42
-0.027767
 10
9.703634985422837
 20
-2.569725857667194
 42
-0.027534
 10
10.42333798542282
 20
-2.651221857667209
 42
-0.037721
  0
LWPOLYLINE
  5
47D
330
1F
100
AcDbEntity
  8
0
100
AcDbPolyline
 90
       32
 70
     1
 43
0.0
 10
-43.10684701457714
 20
-94.22966585766721
 42
0.034471
 10
-44.03278001457713
 20
-94.43885685766723
 42
0.044315
 10
-44.84312201457711
 20
-94.76221885766721
 42
0.044733
 10
-45.57785401457718
 20
-95.22046685766721
 42
0.036169
 10
-46.27738201457717
 20
-95.83322685766722
 42
0.041792
 10
-46.98717301457716
 20
-96.6835208576672
 42
0.056098
 10
-47.46799601457715
 20
-97.56373285766724
 42
0.055799
 10
-47.74282301457716
 20
-98.53257485766723
 42
0.040754
 10
-47.83615701457714
 20
-99.64827185766722
 42
0.008224
 10
-47.82846801457717
 20
-100.1802868576672
 42
0.023629
 10
-47.79964201457718
 20
-100.5483978576672
 42
0.029479
 10
-47.74078101457715
 20
-100.8640838576672
 42
0.020319
 10
-47.6388600145772
 20
-101.2133718576672
 42
0.045401
 10
-47.18393601457714
 20
-102.2451118576672
 42
0.048238
 10
-46.55787201457715
 20
-103.1554798576672
 42
0.049678
 10
-45.78829201457714
 20
-103.9057518576672
 42
0.054476
 10
-44.90803101457717
 20
-104.4632568576672
 42
0.02157
 10
-44.18513301457719
 20
-104.7796848576672
 42
0.04057
 10
-43.57448501457716
 20
-104.9608248576672
 42
0.041083
 10
-42.94774601457717
 20
-105.0396758576672
 42
0.022729
 10
-42.17587201457715
 20
-105.0378108576672
 42
0.020018
 10
-41.47367401457714
 20
-104.9759278576672
 42
0.032299
 10
-40.88475401457716
 20
-104.8611358576672
 42
0.034484
 10
-40.34380001457717
 20
-104.6782448576672
 42
0.027498
 10
-39.78908101457719
 20
-104.4103208576672
 42
0.118004
 10
-37.93009501457712
 20
-102.7134118576672
 42
0.11698
 10
-37.03333601457714
 20
-100.3533618576672
 42
0.116542
 10
-37.29064001457718
 20
-97.8348628576672
 42
0.116486
 10
-38.64798801457718
 20
-95.6973868576672
 42
0.062813
 10
-39.58614601457717
 20
-94.98768985766721
 42
0.051088
 10
-40.73778101457716
 20
-94.47328185766723
 42
0.051462
 10
-41.95993301457716
 20
-94.20618185766723
 42
0.066501
  0
LWPOLYLINE
  5
47E
330
1F
100
AcDbEntity
  8
0
100
AcDbPolyline
 90
       28
 70
     1
 43
0.0
 10
-41.03968801457713
 20
-94.66704885766722
 42
-0.102723
 10
-39.22845301457713
 20
-95.5723878576672
 42
-0.09975
 10
-37.90490801457716
 20
-97.13200185766723
 42
-0.099131
 10
-37.28325801457717
 20
-99.09124485766721
 42
-0.100102
 10
-37.46720101457717
 20
-101.1315768576672
 42
-0.082487
 10
-38.18190201457716
 20
-102.5959438576672
 42
-0.078556
 10
-39.34172101457719
 20
-103.7790878576672
 42
-0.078389
 10
-40.81237301457716
 20
-104.5486668576672
 42
-0.081593
 10
-42.42806301457713
 20
-104.8140908576672
 42
-0.048515
 10
-43.42584101457712
 20
-104.7170488576672
 42
-0.052444
 10
-44.35917401457712
 20
-104.4296638576672
 42
-0.051224
 10
-45.23056701457718
 20
-103.9469798576672
 42
-0.042754
 10
-46.04450301457714
 20
-103.2701798576672
 42
-0.012942
 10
-46.38968801457716
 20
-102.9111878576672
 42
-0.026406
 10
-46.63761401457716
 20
-102.6090208576672
 42
-0.028581
 10
-46.8398250145772
 20
-102.2984628576672
 42
-0.0182
 10
-47.04039801457716
 20
-101.9165798576672
 42
-0.041094
 10
-47.41611301457718
 20
-100.9335908576672
 42
-0.050989
 10
-47.59234201457715
 20
-99.97088685766719
 42
-0.052783
 10
-47.56733201457715
 20
-99.02043785766721
 42
-0.049399
 10
-47.34522401457716
 20
-98.0739428576672
 42
-0.065122
 10
-46.68225601457717
 20
-96.73336585766721
 42
-0.072374
 10
-45.71585901457715
 20
-95.6617718576672
 42
-0.071893
 10
-44.47820301457713
 20
-94.9047708576672
 42
-0.063045
 10
-43.02026301457718
 20
-94.48636785766721
 42
-0.034458
 10
-42.58815501457715
 20
-94.44969785766721
 42
-0.026692
 10
-42.11607601457714
 20
-94.4674578576672
 42
-0.024144
 10
-41.60111601457711
 20
-94.53963485766719
 42
-0.017818
  0
LWPOLYLINE
  5
47F
330
1F
100
AcDbEntity
  8
0
100
AcDbPolyline
 90
       96
 70
     1
 43
0.0
 10
-7.530563014577154
 20
-92.7263868576672
 10
-7.530563014577154
 20
-96.90120185766723
 10
-9.349463014577139
 20
-97.50606085766721
 10
-11.16836301457718
 20
-98.11091885766721
 10
-11.16836301457718
 20
-97.4836958576672
 42
0.007786
 10
-11.17343801457716
 20
-97.15777585766723
 42
0.042146
 10
-11.19379201457715
 20
-96.98215885766721
 42
0.099255
 10
-11.23260601457716
 20
-96.88970985766721
 42
0.248814
 10
-11.29526301457716
 20
-96.85647185766722
 42
0.398671
 10
-11.37258801457719
 20
-96.92977785766721
 42
0.006059
 10
-11.40039701457712
 20
-97.60377185766721
 42
0.006517
 10
-11.41836101457718
 20
-98.72053285766725
 42
0.000763
 10
-11.42216301457714
 20
-101.2133718576672
 42
0.000763
 10
-11.41836101457718
 20
-103.7062108576672
 42
0.006517
 10
-11.40039701457712
 20
-104.8229718576672
 42
0.006059
 10
-11.37258801457719
 20
-105.4969658576672
 42
0.398671
 10
-11.29526301457716
 20
-105.5702718576672
 42
0.243389
 10
-11.23290101457715
 20
-105.5380038576672
 42
0.102306
 10
-11.1939770145772
 20
-105.4489128576672
 42
0.043758
 10
-11.17350701457715
 20
-105.2799258576672
 42
0.008272
 10
-11.16836301457718
 20
-104.9690208576672
 42
-0.005713
 10
-11.16434901457714
 20
-104.6177248576672
 42
-0.060351
 10
-11.14388601457713
 20
-104.4760138576672
 42
-0.2327949999999999
 10
-11.09724301457712
 20
-104.4229838576672
 42
-0.186758
 10
-11.02031301457717
 20
-104.4212388576672
 42
-0.011655
 10
-10.92068401457717
 20
-104.4598678576672
 42
-0.000638
 10
-10.61085501457714
 20
-104.5888478576672
 42
-0.000991
 10
-10.24268801457717
 20
-104.7435228576672
 42
-0.000724
 10
-9.834312014577193
 20
-104.9167398576672
 42
-0.004999
 10
-9.133993014577157
 20
-105.2232928576672
 42
-0.082858
 10
-8.922883014577195
 20
-105.3640138576672
 42
-0.234659
 10
-8.865513014577146
 20
-105.5180478576672
 42
-0.071417
 10
-8.928162014577168
 20
-105.7664758576672
 42
0.168741
 10
-8.932644014577164
 20
-105.8474408576672
 42
0.267166
 10
-8.884079014577167
 20
-105.8944978576672
 42
0.061916
 10
-8.743878014577177
 20
-105.9119458576672
 42
0.004854
 10
-8.366711014577134
 20
-105.9083358576672
 42
-0.001215
 10
-8.119754014577182
 20
-105.9041748576672
 42
-0.001601
 10
-7.894489014577146
 20
-105.9016478576672
 42
-0.001157
 10
-7.705660014577205
 20
-105.9005718576672
 42
-0.015465
 10
-7.636313014577154
 20
-105.9024818576672
 42
-0.386805
 10
-7.576743014577147
 20
-105.9634048576672
 42
-0.002636
 10
-7.552284014577168
 20
-106.7588688576672
 42
-0.005337
 10
-7.5349350145772
 20
-107.9315758576672
 42
-0.00103
 10
-7.530563014577154
 20
-110.0540718576672
 42
0.000804
 10
-7.526751014577172
 20
-112.4239508576672
 42
0.006846
 10
-7.508766014577162
 20
-113.4874218576672
 42
0.006646
 10
-7.480685014577176
 20
-114.1267338576672
 42
0.397561
 10
-7.403663014577176
 20
-114.1994718576672
 42
0.370573
 10
-7.331698014577199
 20
-114.1376448576672
 42
0.022532
 10
-7.299208014577203
 20
-113.8328718576672
 42
0.01356
 10
-7.280788014577154
 20
-113.2917918576672
 42
0.001728
 10
-7.276763014577142
 20
-112.1267718576672
 10
-7.276763014577142
 20
-110.0540718576672
 10
0.125736985422833
 20
-110.0540718576672
 10
7.528236985422864
 20
-110.0540718576672
 10
7.528236985422864
 20
-107.9813718576672
 10
7.528236985422864
 20
-105.9086718576672
 10
9.389436985422861
 20
-105.9086718576672
 42
0.002114
 10
10.39528598542287
 20
-105.9044188576672
 42
0.013874
 10
10.89920798542286
 20
-105.8861678576672
 42
0.020245
 10
11.19373398542288
 20
-105.8552968576672
 42
0.372377
 10
11.25063698542286
 20
-105.7894868576672
 42
0.097416
 10
11.2327149854228
 20
-105.6983718576672
 42
0.00025
 10
10.7381419854228
 20
-104.4915468576672
 42
0.001555
 10
10.17481398542284
 20
-103.1309698576672
 42
0.000967
 10
9.505973985422855
 20
-101.5383368576672
 42
-0.000398
 10
8.834172985422839
 20
-99.94374085766722
 42
-0.000631
 10
8.261525985422878
 20
-98.57664685766723
 42
-0.000129
 10
7.759154985422838
 20
-97.37219685766723
 42
-0.029934
 10
7.719506985422839
 20
-97.25832185766721
 42
-0.393033
 10
7.762272985422811
 20
-97.1749118576672
 42
-0.065944
 10
7.95441798542285
 20
-97.13267985766721
 42
-0.019581
 10
8.370402985422828
 20
-97.11373985766719
 42
-0.001585
 10
9.464169985422842
 20
-97.11027185766724
 42
0.00205
 10
10.46285498542286
 20
-97.10617685766722
 42
0.01568
 10
10.9317419854228
 20
-97.0876198576672
 42
0.028588
 10
11.1919189854228
 20
-97.05411385766723
 42
0.360943
 10
11.25063698542286
 20
-96.98337185766723
 42
0.363766
 10
11.19103698542281
 20
-96.91229085766721
 42
0.026801
 10
10.91928698542281
 20
-96.87906385766723
 42
0.015065
 10
10.43154798542284
 20
-96.86054585766722
 42
0.001955
 10
9.389436985422861
 20
-96.85647185766722
 10
7.528236985422864
 20
-96.85647185766722
 10
7.528236985422864
 20
-94.78377185766722
 10
7.528236985422864
 20
-92.71107185766721
 10
0.1272409854228442
 20
-92.71107185766721
 10
-7.273755014577176
 20
-92.71107185766721
 10
-7.296409014577164
 20
-90.66652685766722
 42
0.002381
 10
-7.312398014577155
 20
-89.65730385766724
 42
0.010265
 10
-7.337079014577199
 20
-89.05761485766722
 42
0.008549
 10
-7.368676014577175
 20
-88.65724985766723
 42
0.296665
 10
-7.424813014577154
 20
-88.58677685766723
 42
0.500099
 10
-7.484571014577142
 20
-88.62819585766722
 42
0.002928
 10
-7.509056014577168
 20
-89.40780385766721
 42
0.005391
 10
-7.526284014577157
 20
-90.57498685766722
 42
0.000995
  0
LWPOLYLINE
  5
480
330
1F
100
AcDbEntity
  8
0
100
AcDbPolyline
 90
       58
 70
     1
 43
0.0
 10
7.359036985422875
 20
-94.91067185766722
 10
7.359036985422875
 20
-96.85647185766722
 10
5.497836985422821
 20
-96.85647185766722
 42
0.001955
 10
4.455725985422844
 20
-96.86054585766722
 42
0.015065
 10
3.967986985422811
 20
-96.87906385766723
 42
0.026801
 10
3.696236985422814
 20
-96.91229085766721
 42
0.363766
 10
3.636636985422825
 20
-96.98337185766723
 42
0.360943
 10
3.695354985422881
 20
-97.05411385766723
 42
0.028588
 10
3.955531985422879
 20
-97.0876198576672
 42
0.01568
 10
4.424418985422818
 20
-97.10617685766722
 42
0.00205
 10
5.423103985422841
 20
-97.11027185766724
 42
-0.001587
 10
6.516608985422834
 20
-97.11374385766722
 42
-0.019569
 10
6.932860985422877
 20
-97.13268885766723
 42
-0.065625
 10
7.125461985422845
 20
-97.17488585766721
 42
-0.391944
 10
7.16857898542284
 20
-97.25832185766721
 42
-0.031284
 10
7.129262985422798
 20
-97.3721138576672
 42
-0.000134
 10
6.626894985422865
 20
-98.57546885766723
 42
-0.000658
 10
6.054164985422829
 20
-99.94126885766723
 42
-0.000415
 10
5.382111985422824
 20
-101.5343278576672
 42
0.001002
 10
4.712965985422869
 20
-103.1257028576672
 42
0.001608
 10
4.14936998542285
 20
-104.4858848576672
 42
0.000267
 10
3.655140985422832
 20
-105.6914258576672
 42
0.09744
 10
3.636636985422825
 20
-105.7854778576672
 42
0.36805
 10
3.695023985422864
 20
-105.8540528576672
 42
0.023516
 10
3.977317985422843
 20
-105.8861218576672
 42
0.014496
 10
4.472757985422816
 20
-105.9045128576672
 42
0.002028
 10
5.497836985422821
 20
-105.9086718576672
 10
7.359036985422875
 20
-105.9086718576672
 10
7.359036985422875
 20
-107.8544718576672
 10
7.359036985422875
 20
-109.8002718576672
 10
0.0411369854228099
 20
-109.8002718576672
 10
-7.276763014577142
 20
-109.8002718576672
 10
-7.276763014577142
 20
-107.8064908576672
 10
-7.276763014577142
 20
-105.8127098576672
 10
-7.553141014577164
 20
-105.5434408576672
 42
-0.007793
 10
-7.679035014577181
 20
-105.4169008576672
 42
-0.004214
 10
-7.830212014577199
 20
-105.2574678576672
 42
-0.004196
 10
-7.981458014577157
 20
-105.0924908576672
 42
-0.006603
 10
-8.108257014577162
 20
-104.9480378576672
 42
0.00858
 10
-8.217006014577151
 20
-104.8251308576672
 42
0.014532
 10
-8.312730014577169
 20
-104.7265278576672
 42
0.008325
 10
-8.393338014577153
 20
-104.6507528576672
 42
0.421796
 10
-8.41291601457712
 20
-104.6519378576672
 42
0.045773
 10
-8.428150014577198
 20
-104.6732508576672
 42
0.003078
 10
-8.465566014577149
 20
-104.7381618576672
 42
0.004405
 10
-8.509080014577165
 20
-104.8163298576672
 42
0.003285
 10
-8.555750014577171
 20
-104.9032898576672
 10
-8.672663014577182
 20
-105.1246088576672
 10
-9.899363014577176
 20
-104.5904788576672
 10
-11.12606301457717
 20
-104.0563488576672
 10
-11.14832901457717
 20
-101.2252198576672
 10
-11.17059601457717
 20
-98.3940898576672
 10
-9.223679014577186
 20
-97.74514385766721
 10
-7.276763014577142
 20
-97.09619785766721
 10
-7.276763014577142
 20
-95.0305348576672
 10
-7.276763014577142
 20
-92.9648718576672
 10
0.0411369854228099
 20
-92.9648718576672
 10
7.359036985422875
 20
-92.9648718576672
  0
LWPOLYLINE
  5
481
330
1F
100
AcDbEntity
  8
0
100
AcDbPolyline
 90
       20
 70
     1
 43
0.0
 10
9.167342985422834
 20
-101.4460278576672
 42
-0.000073
 10
9.814863985422817
 20
-102.9860648576672
 42
-0.000118
 10
10.36681898542284
 20
-104.3002158576672
 42
-0.000019
 10
10.85590898542287
 20
-105.4655798576672
 42
-0.007286
 10
10.88954398542282
 20
-105.5491218576672
 42
-0.511493
 10
10.85103298542285
 20
-105.6082348576672
 42
-0.004275
 10
10.21169698542283
 20
-105.6333278576672
 42
-0.006476
 10
9.23830598542284
 20
-105.6505858576672
 42
-0.001194
 10
7.443636985422841
 20
-105.6548718576672
 42
-0.000755
 10
5.275014985422814
 20
-105.6515988576672
 42
-0.010029
 10
4.476396985422837
 20
-105.6331668576672
 42
-0.022342
 10
4.067228985422815
 20
-105.5971448576672
 42
-0.4840430000000001
 10
4.013489985422808
 20
-105.5068218576672
 42
-0.009031
 10
4.388804985422865
 20
-104.5751548576672
 42
-0.000359
 10
5.822014985422839
 20
-101.2016248576672
 42
-0.000016
 10
7.410157985422841
 20
-97.47118385766722
 42
-0.299166
 10
7.443636985422841
 20
-97.44891785766721
 42
-0.300817
 10
7.467663985422831
 20
-97.46462185766722
 42
-0.000086
 10
7.967423985422868
 20
-98.62297285766722
 42
-0.0014
 10
8.519588985422814
 20
-99.9133168576672
 42
-0.000844
  0
LWPOLYLINE
  5
482
330
1F
100
AcDbEntity
  8
0
100
AcDbPolyline
 90
       20
 70
     1
 43
0.0
 10
-12.69116301457714
 20
-101.0829128576672
 10
-12.69116301457714
 20
-103.9557548576672
 10
-13.34002401457715
 20
-103.9804628576672
 42
0.010883
 10
-13.62500401457717
 20
-103.9975328576672
 42
0.026735
 10
-13.83283801457716
 20
-104.0257728576672
 42
0.032295
 10
-13.97553701457715
 20
-104.0626768576672
 42
0.237739
 10
-14.02387401457716
 20
-104.1109218576672
 42
0.401939
 10
-13.99949301457715
 20
-104.1620678576672
 42
0.056594
 10
-13.87495201457719
 20
-104.1936758576672
 42
0.027913
 10
-13.64644501457715
 20
-104.2119198576672
 42
0.005965
 10
-13.24811301457717
 20
-104.2166718576672
 10
-12.43736301457718
 20
-104.2166718576672
 10
-12.43736301457718
 20
-101.2133718576672
 42
0.001141
 10
-12.44125601457719
 20
-99.50744385766721
 42
0.009416
 10
-12.45940701457718
 20
-98.73177185766722
 42
0.01194
 10
-12.48941701457718
 20
-98.27846785766723
 42
0.388096
 10
-12.56426301457716
 20
-98.21007185766722
 42
0.386423
 10
-12.63878201457717
 20
-98.27777285766721
 42
0.012917
 10
-12.66907901457719
 20
-98.71002885766721
 42
0.009838
 10
-12.68725701457717
 20
-99.45282085766722
 42
0.001198
  0
TEXT
  5
490
330
1F
100
AcDbEntity
  8
0
100
AcDbText
 10
-104.6782884426124
 20
-0.3142272662819465
 30
0.0
 40
4.0
  1
ENTRADA DE
 72
     1
 11
-86.67010290373113
 21
-0.3142272662819465
 31
0.0
100
AcDbText
  0
TEXT
  5
491
330
1F
100
AcDbEntity
  8
0
100
AcDbText
 10
-110.2138425806698
 20
-8.066927649110709
 30
0.0
 40
4.0
  1
ALIMENTACION
 72
     1
 11
-89.26022730099729
 21
-8.066927649110709
 31
0.0
100
AcDbText
  0
TEXT
  5
49A
330
1F
100
AcDbEntity
  8
0
100
AcDbText
 10
130.3203477451055
 20
-0.392886257361198
 30
0.0
 40
3.5
  1
CARGA NO
 72
     1
 11
143.3605933112719
 21
-0.392886257361198
 31
0.0
100
AcDbText
  0
TEXT
  5
49B
330
1F
100
AcDbEntity
  8
0
100
AcDbText
 10
130.1869114048544
 20
-8.145586640189961
 30
0.0
 40
3.5
  1
LINEAL
 72
     1
 11
138.6122183625624
 21
-8.145586640189961
 31
0.0
100
AcDbText
  0
TEXT
  5
4A4
330
1F
100
AcDbEntity
  8
0
100
AcDbText
 10
135.0845351899961
 20
-55.94232256769375
 30
0.0
 40
3.5
  1
DONAS
 72
     1
 11
143.7784301422471
 21
-55.94232256769375
 31
0.0
100
AcDbText
  0
TEXT
  5
4A5
330
1F
100
AcDbEntity
  8
0
100
AcDbText
 10
135.1218827121498
 20
-63.69502295052253
 30
0.0
 40
3.5
  1
DE CORRIENTE
 72
     1
 11
153.5947681146055
 21
-63.69502295052253
 31
0.0
100
AcDbText
  0
TEXT
  5
4AD
330
1F
100
AcDbEntity
  8
0
100
AcDbText
 10
-90.00708756999843
 20
14.66980636030595
 30
0.0
 40
7.0
  1
1
 72
     1
 11
-87.28778334080335
 21
14.66980636030595
 31
0.0
100
AcDbText
  0
TEXT
  5
4B5
330
1F
100
AcDbEntity
  8
0
100
AcDbText
 10
6.823055365807462
 20
-11.38369295340779
 30
0.0
 40
7.0
  1
2
 72
     1
 11
9.542359595002551
 21
-11.38369295340779
 31
0.0
100
AcDbText
  0
TEXT
  5
4BD
330
1F
100
AcDbEntity
  8
0
100
AcDbText
 10
140.4396037919908
 20
15.07495129559039
 30
0.0
 40
7.0
  1
4
 72
     1
 11
143.1589080211859
 21
15.07495129559039
 31
0.0
100
AcDbText
  0
TEXT
  5
4C5
330
1F
100
AcDbEntity
  8
0
100
AcDbText
 10
-45.07341248645658
 20
-103.1164770620001
 30
0.0
 40
7.0
  1
3
 72
     1
 11
-42.35410825726148
 21
-103.1164770620001
 31
0.0
100
AcDbText
  0
ENDSEC
  0
SECTION
  2
OBJECTS
  0
DICTIONARY
  5
C
330
0
100
AcDbDictionary
281
     1
  3
ACAD_CIP_PREVIOUS_PRODUCT_INFO
350
216
  3
ACAD_COLOR
350
6B
  3
ACAD_DETAILVIEWSTYLE
350
21B
  3
ACAD_GROUP
350
D
  3
ACAD_LAST_SAVED_VERSION_INFO
350
359
  3
ACAD_LAYOUT
350
1A
  3
ACAD_MATERIAL
350
6A
  3
ACAD_MLEADERSTYLE
350
12D
  3
ACAD_MLINESTYLE
350
17
  3
ACAD_PLOTSETTINGS
350
19
  3
ACAD_PLOTSTYLENAME
350
E
  3
ACAD_SCALELIST
350
10C
  3
ACAD_SECTIONVIEWSTYLE
350
219
  3
ACAD_TABLESTYLE
350
7E
  3
ACAD_VISUALSTYLE
350
EF
  3
ACDB_RECOMPOSE_DATA
350
4C9
  3
AcDbVariableDictionary
350
5E
  0
DICTIONARY
  5
1FF
330
2
100
AcDbDictionary
280
     1
281
     1
  3
ACAD_LAYERSTATES
360
200
  0
DICTIONARY
  5
13C
330
10
100
AcDbDictionary
280
     1
281
     1
  0
DICTIONARY
  5
1CE
330
1F
100
AcDbDictionary
280
     1
281
     1
  3
ACAD_SORTENTS
360
3BA
  0
XRECORD
  5
216
102
{ACAD_REACTORS
330
C
102
}
330
C
100
AcDbXrecord
280
     1
300
ACAD_E
300
2025
300

  0
DICTIONARY
  5
6B
102
{ACAD_REACTORS
330
C
102
}
330
C
100
AcDbDictionary
281
     1
  0
DICTIONARY
  5
21B
102
{ACAD_REACTORS
330
C
102
}
330
C
100
AcDbDictionary
281
     1
  3
Imperial24
350
3BD
  3
Metric50
350
21C
  0
DICTIONARY
  5
D
102
{ACAD_REACTORS
330
C
102
}
330
C
100
AcDbDictionary
281
     1
  0
XRECORD
  5
359
102
{ACAD_REACTORS
330
C
102
}
330
C
100
AcDbXrecord
280
     1
300
{72D8F05D-9B47-424C-97DB-8090D945EC5B}
301
{47962C33-AD19-274D-80A4-98798BEBFA3C}
302
{72D8F05D-9B47-424C-97DB-8090D945EC5B}
303
C:\Users\procesos6\Desktop\programa final\bloques\filtro_activo.dxf
  0
DICTIONARY
  5
1A
102
{ACAD_REACTORS
330
C
102
}
330
C
100
AcDbDictionary
281
     1
  3
Model
350
22
  3
Presentación1
350
D3
  3
Presentación2
350
D7
  0
DICTIONARY
  5
6A
102
{ACAD_REACTORS
330
C
102
}
330
C
100
AcDbDictionary
281
     1
  3
ByBlock
350
ED
  3
ByLayer
350
EC
  3
Global
350
EE
  0
DICTIONARY
  5
12D
102
{ACAD_REACTORS
330
C
102
}
330
C
100
AcDbDictionary
281
     1
  3
Anotativo
350
13B
  3
Standard
350
12E
  0
DICTIONARY
  5
17
102
{ACAD_REACTORS
330
C
102
}
330
C
100
AcDbDictionary
281
     1
  3
Standard
350
18
  0
DICTIONARY
  5
19
102
{ACAD_REACTORS
330
C
102
}
330
C
100
AcDbDictionary
281
     1
  0
ACDBDICTIONARYWDFLT
  5
E
102
{ACAD_REACTORS
330
C
102
}
330
C
100
AcDbDictionary
281
     1
  3
Normal
350
F
100
AcDbDictionaryWithDefault
340
F
  0
DICTIONARY
  5
10C
102
{ACAD_REACTORS
330
C
102
}
330
C
100
AcDbDictionary
281
     1
  3
A0
350
10D
  3
A1
350
1BE
  3
A2
350
1BF
  3
A3
350
1C0
  3
A4
350
1C1
  3
A5
350
1C2
  3
A6
350
1C3
  3
A7
350
1C4
  3
A8
350
1C5
  3
A9
350
1C6
  3
B0
350
1C7
  3
B1
350
1C8
  3
B2
350
1C9
  3
B3
350
1CA
  3
B4
350
1CB
  3
B5
350
1CC
  3
B6
350
1CD
  0
DICTIONARY
  5
219
102
{ACAD_REACTORS
330
C
102
}
330
C
100
AcDbDictionary
281
     1
  3
Imperial24
350
3BC
  3
Metric50
350
21A
  0
DICTIONARY
  5
7E
102
{ACAD_REACTORS
330
C
102
}
330
C
100
AcDbDictionary
281
     1
  3
Standard
350
7F
  0
DICTIONARY
  5
EF
102
{ACAD_REACTORS
330
C
102
}
330
C
100
AcDbDictionary
281
     1
  3
2dWireframe
350
F5
  3
Basic
350
F4
  3
Brighten
350
FB
  3
ColorChange
350
FF
  3
Conceptual
350
F8
  3
Dim
350
FA
  3
EdgeColorOff
350
1E6
  3
Facepattern
350
FE
  3
Flat
350
F0
  3
FlatWithEdges
350
F1
  3
Gouraud
350
F2
  3
GouraudWithEdges
350
F3
  3
Hidden
350
F7
  3
JitterOff
350
1E4
  3
Linepattern
350
FD
  3
OverhangOff
350
1E5
  3
Realistic
350
F9
  3
Shaded
350
1F3
  3
Shaded with edges
350
1F2
  3
Shades of Gray
350
1EF
  3
Sketchy
350
1F0
  3
Thicken
350
FC
  3
Wireframe
350
F6
  3
X-Ray
350
1F1
  0
XRECORD
  5
4C9
102
{ACAD_REACTORS
330
C
102
}
330
C
100
AcDbXrecord
280
     1
 90
        1
330
7F
  0
DICTIONARY
  5
5E
102
{ACAD_REACTORS
330
C
102
}
330
C
100
AcDbDictionary
281
     1
  3
CANNOSCALE
350
146
  3
CENTEREXE
350
259
  3
CENTERLTYPEFILE
350
25A
  3
CMLEADERSTYLE
350
145
  3
CTABLESTYLE
350
84
  3
CVIEWDETAILSTYLE
350
227
  3
CVIEWSECTIONSTYLE
350
228
  3
DIMASSOC
350
5F
  3
HIDETEXT
350
63
  3
LAYEREVAL
350
1AE
  3
LAYERNOTIFY
350
1AF
  0
DICTIONARY
  5
200
102
{ACAD_REACTORS
330
1FF
102
}
330
1FF
100
AcDbDictionary
281
     1
  0
SORTENTSTABLE
  5
3BA
102
{ACAD_REACTORS
330
1CE
102
}
330
1CE
100
AcDbSortentsTable
330
1F
  0
ACDBDETAILVIEWSTYLE
  5
3BD
102
{ACAD_REACTORS
330
21B
102
}
330
21B
100
AcDbModelDocViewStyle
 70
     0
  3
Imperial24
290
     0
300
Imperial24
 90
        0
100
AcDbDetailViewStyle
 70
     0
 71
     0
 90
        3
 71
     1
340
11
 62
   256
 40
0.24
340
0
 62
   256
 40
0.24
300

 40
0.36
280
     3
 71
     2
340
16
 90
       25
 62
   256
 71
     3
340
11
 62
   256
 40
0.24
 90
        1
 40
0.75
 90
        1
300
%<\AcVar ViewType \f "%tc1">% %<\AcVar ViewDetailId>%\PESCALA %<\AcVar ViewScale \f "%sn">%
 71
     4
340
16
 90
       25
 62
   256
340
16
 90
       25
 62
   256
280
     0
  0
ACDBDETAILVIEWSTYLE
  5
21C
102
{ACAD_REACTORS
330
21B
102
}
330
21B
100
AcDbModelDocViewStyle
 70
     0
  3
Metric50
290
     0
300
Metric50
 90
        0
100
AcDbDetailViewStyle
 70
     0
 71
     0
 90
        3
 71
     1
340
11
 62
   256
 40
5.0
340
0
 62
   256
 40
5.0
300

 40
0.0
280
     1
 71
     2
340
16
 90
       25
 62
   256
 71
     3
340
11
 62
   256
 40
5.0
 90
        0
 40
15.0
 90
        1
300
%<\AcVar ViewDetailId>% (%<\AcVar ViewScale \f "%sn">%)
 71
     4
340
16
 90
       25
 62
   256
340
16
 90
       25
 62
   256
280
     0
  0
LAYOUT
  5
22
102
{ACAD_XDICTIONARY
360
205
102
}
102
{ACAD_REACTORS
330
1A
102
}
330
1A
100
AcDbPlotSettings
  1

  2
none_device
  4
ISO_A4_(210.00_x_297.00_MM)
  6

 40
7.5
 41
20.0
 42
7.5
 43
20.0
 44
210.0
 45
297.0
 46
11.54999923706054
 47
-13.65000009536743
 48
0.0
 49
0.0
140
0.0
141
0.0
142
1.0
143
8.704084754739808
 70
 11952
 72
     1
 73
     0
 74
     0
  7

 75
     0
147
0.1148885871608098
 76
     0
 77
     2
 78
   300
148
0.0
149
0.0
100
AcDbLayout
  1
Model
 70
     1
 71
     0
 10
0.0
 20
0.0
 11
12.0
 21
9.0
 12
0.0
 22
0.0
 32
0.0
 14
0.0
 24
0.0
 34
0.0
 15
0.0
 25
0.0
 35
0.0
146
0.0
 13
0.0
 23
0.0
 33
0.0
 16
1.0
 26
0.0
 36
0.0
 17
0.0
 27
1.0
 37
0.0
 76
     0
330
1F
331
EA
1001
ACAD_PSEXT
1000
None
1000
None
1000
Not applicable
1000
The layout will not be plotted unless a new plotter configuration name is selected.
1070
     0
  0
LAYOUT
  5
D3
102
{ACAD_REACTORS
330
1A
102
}
330
1A
100
AcDbPlotSettings
  1

  2
C:\Documents and Settings\basas\Application Data\Autodesk\AutoCAD 2005\R16.1\enu\plotters\Default Windows System Printer.pc3
  4

  6

 40
0.0
 41
0.0
 42
0.0
 43
0.0
 44
0.0
 45
0.0
 46
0.0
 47
0.0
 48
0.0
 49
0.0
140
0.0
141
0.0
142
1.0
143
1.0
 70
   688
 72
     0
 73
     0
 74
     5
  7

 75
    16
147
1.0
 76
     0
 77
     2
 78
   300
148
0.0
149
0.0
100
AcDbLayout
  1
Presentación1
 70
     1
 71
     1
 10
0.0
 20
0.0
 11
12.0
 21
9.0
 12
0.0
 22
0.0
 32
0.0
 14
0.0
 24
0.0
 34
0.0
 15
0.0
 25
0.0
 35
0.0
146
0.0
 13
0.0
 23
0.0
 33
0.0
 16
1.0
 26
0.0
 36
0.0
 17
0.0
 27
1.0
 37
0.0
 76
     0
330
D2
  0
LAYOUT
  5
D7
102
{ACAD_REACTORS
330
1A
102
}
330
1A
100
AcDbPlotSettings
  1

  2
C:\Documents and Settings\basas\Application Data\Autodesk\AutoCAD 2005\R16.1\enu\plotters\Default Windows System Printer.pc3
  4

  6

 40
0.0
 41
0.0
 42
0.0
 43
0.0
 44
0.0
 45
0.0
 46
0.0
 47
0.0
 48
0.0
 49
0.0
140
0.0
141
0.0
142
1.0
143
1.0
 70
   688
 72
     0
 73
     0
 74
     5
  7

 75
    16
147
1.0
 76
     0
 77
     2
 78
   300
148
0.0
149
0.0
100
AcDbLayout
  1
Presentación2
 70
     1
 71
     2
 10
0.0
 20
0.0
 11
12.0
 21
9.0
 12
0.0
 22
0.0
 32
0.0
 14
0.0
 24
0.0
 34
0.0
 15
0.0
 25
0.0
 35
0.0
146
0.0
 13
0.0
 23
0.0
 33
0.0
 16
1.0
 26
0.0
 36
0.0
 17
0.0
 27
1.0
 37
0.0
 76
     0
330
D6
  0
MATERIAL
  5
ED
102
{ACAD_XDICTIONARY
360
1F9
102
}
102
{ACAD_REACTORS
330
6A
102
}
330
6A
100
AcDbMaterial
  1
ByBlock
 94
       63
  0
MATERIAL
  5
EC
102
{ACAD_XDICTIONARY
360
1F7
102
}
102
{ACAD_REACTORS
330
6A
102
}
330
6A
100
AcDbMaterial
  1
ByLayer
 94
       63
  0
MATERIAL
  5
EE
102
{ACAD_XDICTIONARY
360
173
102
}
102
{ACAD_REACTORS
330
6A
102
}
330
6A
100
AcDbMaterial
  1
Global
 43
0.0007999999797903
 43
0.0
 43
0.0
 43
0.0
 43
0.0
 43
0.0007999999797903
 43
0.0
 43
0.0
 43
0.0
 43
0.0
 43
1.0
 43
0.0
 43
0.0
 43
0.0
 43
0.0
 43
1.0
 49
0.0007999999797903
 49
0.0
 49
0.0
 49
0.0
 49
0.0
 49
0.0007999999797903
 49
0.0
 49
0.0
 49
0.0
 49
0.0
 49
1.0
 49
0.0
 49
0.0
 49
0.0
 49
0.0
 49
1.0
142
0.0007999999797903
142
0.0
142
0.0
142
0.0
142
0.0
142
0.0007999999797903
142
0.0
142
0.0
142
0.0
142
0.0
142
1.0
142
0.0
142
0.0
142
0.0
142
0.0
142
1.0
144
0.0007999999797903
144
0.0
144
0.0
144
0.0
144
0.0
144
0.0007999999797903
144
0.0
144
0.0
144
0.0
144
0.0
144
1.0
144
0.0
144
0.0
144
0.0
144
0.0
144
1.0
 94
       63
1001
ACAD
1070
    -1
1070
     3
1070
     0
1000

1071
        0
1070
     0
  0
MLEADERSTYLE
  5
13B
102
{ACAD_REACTORS
330
12D
102
}
330
12D
100
AcDbMLeaderStyle
179
     2
170
     2
171
     1
172
     0
 90
        2
 40
0.0
 41
0.0
173
     1
 91
-1056964608
340
14
 92
       -2
290
     1
 42
2.0
291
     1
 43
8.0
  3
Standard
 44
4.0
300

342
11
174
     1
178
     1
175
     1
176
     0
 93
-1056964608
 45
4.0
292
     0
297
     0
 46
4.0
 94
-1056964608
 47
1.0
 49
1.0
140
1.0
293
     1
141
0.0
294
     1
177
     0
142
1.0
295
     0
296
     1
143
3.75
271
     0
272
     9
273
     9
298
     0
  0
MLEADERSTYLE
  5
12E
102
{ACAD_REACTORS
330
12D
102
}
330
12D
100
AcDbMLeaderStyle
179
     2
170
     2
171
     1
172
     0
 90
        2
 40
0.0
 41
0.0
173
     1
 91
-1056964608
340
14
 92
       -2
290
     1
 42
2.0
291
     1
 43
8.0
  3
Standard
 44
4.0
300

342
11
174
     1
178
     1
175
     1
176
     0
 93
-1056964608
 45
4.0
292
     0
297
     0
 46
4.0
 94
-1056964608
 47
1.0
 49
1.0
140
1.0
293
     1
141
0.0
294
     1
177
     0
142
1.0
295
     0
296
     0
143
3.75
271
     0
272
     9
273
     9
298
     0
  0
MLINESTYLE
  5
18
102
{ACAD_REACTORS
330
17
102
}
330
17
100
AcDbMlineStyle
  2
STANDARD
 70
     0
  3

 62
   256
 51
90.0
 52
90.0
 71
     2
 49
0.5
 62
   256
  6
BYLAYER
 49
-0.5
 62
   256
  6
BYLAYER
  0
ACDBPLACEHOLDER
  5
F
102
{ACAD_REACTORS
330
E
102
}
330
E
  0
SCALE
  5
10D
102
{ACAD_REACTORS
330
10C
102
}
330
10C
100
AcDbScale
 70
     0
300
1:1
140
1.0
141
1.0
290
     1
  0
SCALE
  5
1BE
102
{ACAD_REACTORS
330
10C
102
}
330
10C
100
AcDbScale
 70
     0
300
1:2
140
1.0
141
2.0
290
     0
  0
SCALE
  5
1BF
102
{ACAD_REACTORS
330
10C
102
}
330
10C
100
AcDbScale
 70
     0
300
1:4
140
1.0
141
4.0
290
     0
  0
SCALE
  5
1C0
102
{ACAD_REACTORS
330
10C
102
}
330
10C
100
AcDbScale
 70
     0
300
1:5
140
1.0
141
5.0
290
     0
  0
SCALE
  5
1C1
102
{ACAD_REACTORS
330
10C
102
}
330
10C
100
AcDbScale
 70
     0
300
1:8
140
1.0
141
8.0
290
     0
  0
SCALE
  5
1C2
102
{ACAD_REACTORS
330
10C
102
}
330
10C
100
AcDbScale
 70
     0
300
1:10
140
1.0
141
10.0
290
     0
  0
SCALE
  5
1C3
102
{ACAD_REACTORS
330
10C
102
}
330
10C
100
AcDbScale
 70
     0
300
1:16
140
1.0
141
16.0
290
     0
  0
SCALE
  5
1C4
102
{ACAD_REACTORS
330
10C
102
}
330
10C
100
AcDbScale
 70
     0
300
1:20
140
1.0
141
20.0
290
     0
  0
SCALE
  5
1C5
102
{ACAD_REACTORS
330
10C
102
}
330
10C
100
AcDbScale
 70
     0
300
1:30
140
1.0
141
30.0
290
     0
  0
SCALE
  5
1C6
102
{ACAD_REACTORS
330
10C
102
}
330
10C
100
AcDbScale
 70
     0
300
1:40
140
1.0
141
40.0
290
     0
  0
SCALE
  5
1C7
102
{ACAD_REACTORS
330
10C
102
}
330
10C
100
AcDbScale
 70
     0
300
1:50
140
1.0
141
50.0
290
     0
  0
SCALE
  5
1C8
102
{ACAD_REACTORS
330
10C
102
}
330
10C
100
AcDbScale
 70
     0
300
1:100
140
1.0
141
100.0
290
     0
  0
SCALE
  5
1C9
102
{ACAD_REACTORS
330
10C
102
}
330
10C
100
AcDbScale
 70
     0
300
2:1
140
2.0
141
1.0
290
     0
  0
SCALE
  5
1CA
102
{ACAD_REACTORS
330
10C
102
}
330
10C
100
AcDbScale
 70
     0
300
4:1
140
4.0
141
1.0
290
     0
  0
SCALE
  5
1CB
102
{ACAD_REACTORS
330
10C
102
}
330
10C
100
AcDbScale
 70
     0
300
8:1
140
8.0
141
1.0
290
     0
  0
SCALE
  5
1CC
102
{ACAD_REACTORS
330
10C
102
}
330
10C
100
AcDbScale
 70
     0
300
10:1
140
10.0
141
1.0
290
     0
  0
SCALE
  5
1CD
102
{ACAD_REACTORS
330
10C
102
}
330
10C
100
AcDbScale
 70
     0
300
100:1
140
100.0
141
1.0
290
     0
  0
ACDBSECTIONVIEWSTYLE
  5
3BC
102
{ACAD_REACTORS
330
219
102
}
330
219
100
AcDbModelDocViewStyle
 70
     0
  3
Imperial24
290
     0
300
Imperial24
 90
        0
100
AcDbSectionViewStyle
 70
     0
 71
     0
 90
       78
 71
     1
340
11
 62
   256
 40
0.24
340
0
340
0
 62
   256
 40
0.24
300
I, O, Q, S, X, Z
 40
0.48
 90
        3
 40
0.18
 90
        1
 71
     2
340
16
 90
       25
 62
   256
340
16
 90
       50
 62
   256
 40
0.24
 40
0.0
 40
0.24
 71
     3
340
11
 62
   256
 40
0.24
 90
        1
 40
0.75
 90
        1
300
%<\AcVar ViewType \f "%tc1">% %<\AcVar ViewSectionStartId>%-%<\AcVar ViewSectionEndId>%\PESCALA %<\AcVar ViewScale \f "%sn">%
 71
     4
 62
   256
 62
   257
300
ANSI31
 40
1.0
 90
        0
290
     0
290
     0
 90
        6
 40
0.0
 40
1.570796326794896
 40
0.2617993877991494
 40
1.308996938995747
 40
-0.2617993877991494
 40
1.832595714594046
  0
ACDBSECTIONVIEWSTYLE
  5
21A
102
{ACAD_REACTORS
330
219
102
}
330
219
100
AcDbModelDocViewStyle
 70
     0
  3
Metric50
290
     0
300
Metric50
 90
        0
100
AcDbSectionViewStyle
 70
     0
 71
     0
 90
      102
 71
     1
340
11
 62
   256
 40
5.0
340
0
340
0
 62
   256
 40
5.0
300
I, O, Q, S, X, Z
 40
10.0
 90
        0
 40
2.5
 90
        0
 71
     2
340
16
 90
       25
 62
   256
340
16
 90
       50
 62
   256
 40
5.0
 40
2.5
 40
5.0
 71
     3
340
11
 62
   256
 40
5.0
 90
        0
 40
15.0
 90
        1
300
%<\AcVar ViewSectionStartId>%-%<\AcVar ViewSectionEndId>% (%<\AcVar ViewScale \f "%sn">%)
 71
     4
 62
   256
 62
   257
300
ANSI31
 40
1.0
 90
        0
290
     0
290
     0
 90
        6
 40
0.0
 40
1.570796326794896
 40
0.2617993877991494
 40
1.308996938995747
 40
-0.2617993877991494
 40
1.832595714594044
  0
TABLESTYLE
  5
7F
102
{ACAD_XDICTIONARY
360
162
102
}
102
{ACAD_REACTORS
330
7E
102
}
330
7E
100
AcDbTableStyle
280
     0
  3
Standard
 70
     0
 71
     0
 40
1.5
 41
1.5
280
     0
281
     0
  7
Standard
140
4.5
170
     2
 62
     0
 63
     7
283
     0
 90
      512
 91
        0
  1

274
    -2
284
     1
 64
     0
275
    -2
285
     1
 65
     0
276
    -2
286
     1
 66
     0
277
    -2
287
     1
 67
     0
278
    -2
288
     1
 68
     0
279
    -2
289
     1
 69
     0
  7
Standard
140
6.0
170
     5
 62
     0
 63
     7
283
     0
 90
      512
 91
        0
  1

274
    -2
284
     1
 64
     0
275
    -2
285
     1
 65
     0
276
    -2
286
     1
 66
     0
277
    -2
287
     1
 67
     0
278
    -2
288
     1
 68
     0
279
    -2
289
     1
 69
     0
  7
Standard
140
4.5
170
     5
 62
     0
 63
     7
283
     0
 90
      512
 91
        0
  1

274
    -2
284
     1
 64
     0
275
    -2
285
     1
 65
     0
276
    -2
286
     1
 66
     0
277
    -2
287
     1
 67
     0
278
    -2
288
     1
 68
     0
279
    -2
289
     1
 69
     0
  0
VISUALSTYLE
  5
F5
102
{ACAD_REACTORS
330
EF
102
}
330
EF
100
AcDbVisualStyle
  2
2dWireframe
 70
     4
177
     3
291
     0
 70
    58
 90
        0
176
     1
 90
        2
176
     1
 90
        1
176
     1
 90
        0
176
     1
 40
0.6
176
     1
 40
30.0
176
     1
 62
     7
420
 16777215
176
     1
 90
        1
176
     1
 90
        4
176
     1
 62
     7
176
     1
 62
   257
176
     1
 90
        1
176
     1
 90
        1
176
     1
 40
1.0
176
     1
 90
        0
176
     1
 62
   257
176
     1
 40
1.0
176
     1
 90
        1
176
     1
 90
        6
176
     1
 90
        2
176
     1
 62
     7
176
     1
 90
        5
176
     1
 90
        0
176
     1
 90
        0
176
     1
290
     0
176
     1
 90
        1
176
     1
 40
0.0
176
     1
 90
        0
176
     1
290
     1
176
     1
290
     1
176
     1
290
     0
176
     1
290
     0
176
     1
290
     0
176
     1
290
     0
176
     1
290
     0
176
     1
290
     0
176
     1
290
     0
176
     1
 90
       50
176
     1
 40
0.0
176
     1
 40
1.0
176
     1
 90
        0
176
     1
 62
    18
176
     1
 90
       50
176
     1
 90
        3
176
     1
 62
     5
420
      255
176
     1
290
     0
176
     1
 90
       50
176
     1
 90
       50
176
     1
 90
       50
176
     1
290
     0
176
     1
 90
       50
176
     1
 62
   256
176
     0
 40
1.0
176
     0
 90
        2
176
     1
  1
strokes_ogs.tif
176
     1
290
     0
176
     1
 40
1.0
176
     1
 40
1.0
176
     1
1001
ACAD
1000
AcDbSavedByObjectVersion
1070
     0
  0
VISUALSTYLE
  5
F4
102
{ACAD_REACTORS
330
EF
102
}
330
EF
100
AcDbVisualStyle
  2
Basic
 70
     7
177
     3
291
     1
 70
    58
 90
        1
176
     1
 90
        0
176
     1
 90
        1
176
     1
 90
        0
176
     1
 40
0.6
176
     1
 40
30.0
176
     1
 62
     7
420
 16777215
176
     1
 90
        0
176
     1
 90
        4
176
     1
 62
     7
176
     1
 62
   257
176
     1
 90
        1
176
     1
 90
        1
176
     1
 40
1.0
176
     1
 90
        8
176
     1
 62
     7
176
     1
 40
1.0
176
     1
 90
        1
176
     1
 90
        6
176
     1
 90
        2
176
     1
 62
     7
176
     1
 90
        5
176
     1
 90
        0
176
     1
 90
        0
176
     1
290
     0
176
     1
 90
        1
176
     1
 40
0.0
176
     1
 90
        0
176
     1
290
     0
176
     1
290
     1
176
     1
290
     1
176
     1
290
     0
176
     1
290
     0
176
     1
290
     0
176
     1
290
     0
176
     1
290
     0
176
     1
290
     0
176
     1
 90
       50
176
     1
 40
0.0
176
     1
 40
1.0
176
     1
 90
        0
176
     1
 62
    18
176
     1
 90
       50
176
     1
 90
        3
176
     1
 62
     5
420
      255
176
     1
290
     0
176
     1
 90
       50
176
     1
 90
       50
176
     1
 90
       50
176
     1
290
     0
176
     1
 90
       50
176
     1
 62
   256
176
     0
 40
1.0
176
     0
 90
        2
176
     1
  1
strokes_ogs.tif
176
     1
290
     0
176
     1
 40
1.0
176
     1
 40
1.0
176
     1
1001
ACAD
1000
AcDbSavedByObjectVersion
1070
     0
  0
VISUALSTYLE
  5
FB
102
{ACAD_REACTORS
330
EF
102
}
330
EF
100
AcDbVisualStyle
  2
Brighten
 70
    12
177
     3
291
     1
 70
    58
 90
        2
176
     1
 90
        2
176
     1
 90
        1
176
     1
 90
        0
176
     1
 40
0.6
176
     1
 40
30.0
176
     1
 62
     7
420
 16777215
176
     1
 90
        1
176
     1
 90
        4
176
     1
 62
     7
176
     1
 62
   257
176
     1
 90
        1
176
     1
 90
        1
176
     1
 40
1.0
176
     1
 90
        8
176
     1
 62
     7
176
     1
 40
1.0
176
     1
 90
        1
176
     1
 90
        6
176
     1
 90
        2
176
     1
 62
     7
176
     1
 90
        5
176
     1
 90
        0
176
     1
 90
        0
176
     1
290
     0
176
     1
 90
        1
176
     1
 40
50.0
176
     1
 90
        0
176
     1
290
     0
176
     1
290
     1
176
     1
290
     1
176
     1
290
     0
176
     1
290
     0
176
     1
290
     0
176
     1
290
     0
176
     1
290
     0
176
     1
290
     0
176
     1
 90
       50
176
     1
 40
0.0
176
     1
 40
1.0
176
     1
 90
        0
176
     1
 62
    18
176
     1
 90
       50
176
     1
 90
        3
176
     1
 62
     5
420
      255
176
     1
290
     0
176
     1
 90
       50
176
     1
 90
       50
176
     1
 90
       50
176
     1
290
     0
176
     1
 90
       50
176
     1
 62
   256
176
     0
 40
1.0
176
     0
 90
        2
176
     1
  1
strokes_ogs.tif
176
     1
290
     0
176
     1
 40
1.0
176
     1
 40
1.0
176
     1
1001
ACAD
1000
AcDbSavedByObjectVersion
1070
     0
  0
VISUALSTYLE
  5
FF
102
{ACAD_REACTORS
330
EF
102
}
330
EF
100
AcDbVisualStyle
  2
ColorChange
 70
    16
177
     3
291
     1
 70
    58
 90
        2
176
     1
 90
        2
176
     1
 90
        3
176
     1
 90
        0
176
     1
 40
0.6
176
     1
 40
30.0
176
     1
 62
     8
420
  8421504
176
     1
 90
        1
176
     1
 90
        4
176
     1
 62
     7
176
     1
 62
   257
176
     1
 90
        1
176
     1
 90
        1
176
     1
 40
1.0
176
     1
 90
        8
176
     1
 62
     8
420
  8421504
176
     1
 40
1.0
176
     1
 90
        1
176
     1
 90
        6
176
     1
 90
        2
176
     1
 62
     7
176
     1
 90
        5
176
     1
 90
        0
176
     1
 90
        0
176
     1
290
     0
176
     1
 90
        1
176
     1
 40
0.0
176
     1
 90
        0
176
     1
290
     0
176
     1
290
     1
176
     1
290
     1
176
     1
290
     0
176
     1
290
     0
176
     1
290
     0
176
     1
290
     0
176
     1
290
     0
176
     1
290
     0
176
     1
 90
       50
176
     1
 40
0.0
176
     1
 40
1.0
176
     1
 90
        0
176
     1
 62
    18
176
     1
 90
       50
176
     1
 90
        3
176
     1
 62
     5
420
      255
176
     1
290
     0
176
     1
 90
       50
176
     1
 90
       50
176
     1
 90
       50
176
     1
290
     0
176
     1
 90
       50
176
     1
 62
   256
176
     0
 40
1.0
176
     0
 90
        2
176
     1
  1
strokes_ogs.tif
176
     1
290
     0
176
     1
 40
1.0
176
     1
 40
1.0
176
     1
1001
ACAD
1000
AcDbSavedByObjectVersion
1070
     0
  0
VISUALSTYLE
  5
F8
102
{ACAD_REACTORS
330
EF
102
}
330
EF
100
AcDbVisualStyle
  2
Conceptual
 70
     9
177
     3
291
     0
 70
    58
 90
        3
176
     1
 90
        2
176
     1
 90
        1
176
     1
 90
        0
176
     1
 40
0.6
176
     1
 40
30.0
176
     1
 62
     7
420
 16777215
176
     1
 90
        2
176
     1
 90
        2
176
     1
 62
     7
176
     1
 62
   257
176
     1
 90
        1
176
     1
 90
        1
176
     1
 40
40.0
176
     1
 90
        8
176
     1
 62
     7
176
     1
 40
1.0
176
     1
 90
        1
176
     1
 90
        6
176
     1
 90
        2
176
     1
 62
     7
176
     1
 90
        3
176
     1
 90
        0
176
     1
 90
        0
176
     1
290
     0
176
     1
 90
        1
176
     1
 40
0.0
176
     1
 90
        0
176
     1
290
     0
176
     1
290
     1
176
     1
290
     1
176
     1
290
     0
176
     1
290
     0
176
     1
290
     0
176
     1
290
     0
176
     1
290
     0
176
     1
290
     0
176
     1
 90
       50
176
     1
 40
0.0
176
     1
 40
1.0
176
     1
 90
        0
176
     1
 62
    18
176
     1
 90
       50
176
     1
 90
        3
176
     1
 62
     5
420
      255
176
     1
290
     0
176
     1
 90
       50
176
     1
 90
       50
176
     1
 90
       50
176
     1
290
     0
176
     1
 90
       50
176
     1
 62
   256
176
     0
 40
1.0
176
     0
 90
        2
176
     1
  1
strokes_ogs.tif
176
     1
290
     0
176
     1
 40
1.0
176
     1
 40
1.0
176
     1
1001
ACAD
1000
AcDbSavedByObjectVersion
1070
     0
  0
VISUALSTYLE
  5
FA
102
{ACAD_REACTORS
330
EF
102
}
330
EF
100
AcDbVisualStyle
  2
Dim
 70
    11
177
     3
291
     1
 70
    58
 90
        2
176
     1
 90
        2
176
     1
 90
        1
176
     1
 90
        0
176
     1
 40
0.6
176
     1
 40
30.0
176
     1
 62
     7
420
 16777215
176
     1
 90
        1
176
     1
 90
        4
176
     1
 62
     7
176
     1
 62
   257
176
     1
 90
        1
176
     1
 90
        1
176
     1
 40
1.0
176
     1
 90
        8
176
     1
 62
     7
176
     1
 40
1.0
176
     1
 90
        1
176
     1
 90
        6
176
     1
 90
        2
176
     1
 62
     7
176
     1
 90
        5
176
     1
 90
        0
176
     1
 90
        0
176
     1
290
     0
176
     1
 90
        1
176
     1
 40
-50.0
176
     1
 90
        0
176
     1
290
     0
176
     1
290
     1
176
     1
290
     1
176
     1
290
     0
176
     1
290
     0
176
     1
290
     0
176
     1
290
     0
176
     1
290
     0
176
     1
290
     0
176
     1
 90
       50
176
     1
 40
0.0
176
     1
 40
1.0
176
     1
 90
        0
176
     1
 62
    18
176
     1
 90
       50
176
     1
 90
        3
176
     1
 62
     5
420
      255
176
     1
290
     0
176
     1
 90
       50
176
     1
 90
       50
176
     1
 90
       50
176
     1
290
     0
176
     1
 90
       50
176
     1
 62
   256
176
     0
 40
1.0
176
     0
 90
        2
176
     1
  1
strokes_ogs.tif
176
     1
290
     0
176
     1
 40
1.0
176
     1
 40
1.0
176
     1
1001
ACAD
1000
AcDbSavedByObjectVersion
1070
     0
  0
VISUALSTYLE
  5
1E6
102
{ACAD_REACTORS
330
EF
102
}
330
EF
100
AcDbVisualStyle
  2
EdgeColorOff
 70
    22
177
     3
291
     1
 70
    58
 90
        2
176
     0
 90
        2
176
     0
 90
        0
176
     0
 90
        0
176
     0
 40
0.6
176
     0
 40
30.0
176
     0
 62
     7
420
 16777215
176
     0
 90
        1
176
     0
 90
        4
176
     0
 62
     7
176
     0
 62
   257
176
     0
 90
        1
176
     0
 90
        1
176
     0
 40
1.0
176
     0
 90
        8
176
     2
 62
     7
176
     0
 40
1.0
176
     0
 90
        1
176
     0
 90
        6
176
     0
 90
        2
176
     0
 62
     7
176
     0
 90
        5
176
     0
 90
        0
176
     0
 90
        0
176
     0
290
     0
176
     0
 90
        1
176
     0
 40
0.0
176
     0
 90
        0
176
     0
290
     0
176
     1
290
     1
176
     1
290
     1
176
     1
290
     0
176
     1
290
     0
176
     1
290
     0
176
     1
290
     0
176
     1
290
     0
176
     1
290
     0
176
     1
 90
       50
176
     1
 40
0.0
176
     1
 40
1.0
176
     1
 90
        0
176
     1
 62
    18
176
     1
 90
       50
176
     1
 90
        3
176
     1
 62
     5
420
      255
176
     1
290
     0
176
     1
 90
       50
176
     1
 90
       50
176
     1
 90
       50
176
     1
290
     0
176
     1
 90
       50
176
     1
 62
   256
176
     0
 40
1.0
176
     0
 90
        2
176
     1
  1
strokes_ogs.tif
176
     1
290
     0
176
     1
 40
1.0
176
     1
 40
1.0
176
     1
1001
ACAD
1000
AcDbSavedByObjectVersion
1070
     0
  0
VISUALSTYLE
  5
FE
102
{ACAD_REACTORS
330
EF
102
}
330
EF
100
AcDbVisualStyle
  2
Facepattern
 70
    15
177
     3
291
     1
 70
    58
 90
        2
176
     1
 90
        2
176
     1
 90
        1
176
     1
 90
        0
176
     1
 40
0.6
176
     1
 40
30.0
176
     1
 62
     7
420
 16777215
176
     1
 90
        1
176
     1
 90
        4
176
     1
 62
     7
176
     1
 62
   257
176
     1
 90
        1
176
     1
 90
        1
176
     1
 40
1.0
176
     1
 90
        8
176
     1
 62
     7
176
     1
 40
1.0
176
     1
 90
        1
176
     1
 90
        6
176
     1
 90
        2
176
     1
 62
     7
176
     1
 90
        5
176
     1
 90
        0
176
     1
 90
        0
176
     1
290
     0
176
     1
 90
        1
176
     1
 40
0.0
176
     1
 90
        0
176
     1
290
     0
176
     1
290
     1
176
     1
290
     1
176
     1
290
     0
176
     1
290
     0
176
     1
290
     0
176
     1
290
     0
176
     1
290
     0
176
     1
290
     0
176
     1
 90
       50
176
     1
 40
0.0
176
     1
 40
1.0
176
     1
 90
        0
176
     1
 62
    18
176
     1
 90
       50
176
     1
 90
        3
176
     1
 62
     5
420
      255
176
     1
290
     0
176
     1
 90
       50
176
     1
 90
       50
176
     1
 90
       50
176
     1
290
     0
176
     1
 90
       50
176
     1
 62
   256
176
     0
 40
1.0
176
     0
 90
        2
176
     1
  1
strokes_ogs.tif
176
     1
290
     0
176
     1
 40
1.0
176
     1
 40
1.0
176
     1
1001
ACAD
1000
AcDbSavedByObjectVersion
1070
     0
  0
VISUALSTYLE
  5
F0
102
{ACAD_REACTORS
330
EF
102
}
330
EF
100
AcDbVisualStyle
  2
Flat
 70
     0
177
     3
291
     1
 70
    58
 90
        2
176
     1
 90
        1
176
     1
 90
        1
176
     1
 90
        2
176
     1
 40
0.6
176
     1
 40
30.0
176
     1
 62
     7
420
 16777215
176
     1
 90
        0
176
     1
 90
        0
176
     1
 62
     7
176
     1
 62
   257
176
     1
 90
        1
176
     1
 90
        1
176
     1
 40
1.0
176
     1
 90
        8
176
     1
 62
     7
176
     1
 40
1.0
176
     1
 90
        1
176
     1
 90
        6
176
     1
 90
        2
176
     1
 62
     7
176
     1
 90
        5
176
     1
 90
        0
176
     1
 90
        0
176
     1
290
     0
176
     1
 90
       13
176
     1
 40
0.0
176
     1
 90
        0
176
     1
290
     0
176
     1
290
     1
176
     1
290
     1
176
     1
290
     0
176
     1
290
     0
176
     1
290
     0
176
     1
290
     0
176
     1
290
     0
176
     1
290
     0
176
     1
 90
       50
176
     1
 40
0.0
176
     1
 40
1.0
176
     1
 90
        0
176
     1
 62
    18
176
     1
 90
       50
176
     1
 90
        3
176
     1
 62
     5
420
      255
176
     1
290
     0
176
     1
 90
       50
176
     1
 90
       50
176
     1
 90
       50
176
     1
290
     0
176
     1
 90
       50
176
     1
 62
   256
176
     0
 40
1.0
176
     0
 90
        2
176
     1
  1
strokes_ogs.tif
176
     1
290
     0
176
     1
 40
1.0
176
     1
 40
1.0
176
     1
1001
ACAD
1000
AcDbSavedByObjectVersion
1070
     0
  0
VISUALSTYLE
  5
F1
102
{ACAD_REACTORS
330
EF
102
}
330
EF
100
AcDbVisualStyle
  2
FlatWithEdges
 70
     1
177
     3
291
     1
 70
    58
 90
        2
176
     1
 90
        1
176
     1
 90
        1
176
     1
 90
        2
176
     1
 40
0.6
176
     1
 40
30.0
176
     1
 62
     7
420
 16777215
176
     1
 90
        1
176
     1
 90
        0
176
     1
 62
     7
176
     1
 62
   257
176
     1
 90
        1
176
     1
 90
        1
176
     1
 40
1.0
176
     1
 90
        0
176
     1
 62
   257
176
     1
 40
1.0
176
     1
 90
        1
176
     1
 90
        6
176
     1
 90
        2
176
     1
 62
     7
176
     1
 90
        5
176
     1
 90
        0
176
     1
 90
        0
176
     1
290
     0
176
     1
 90
       13
176
     1
 40
0.0
176
     1
 90
        0
176
     1
290
     0
176
     1
290
     1
176
     1
290
     1
176
     1
290
     0
176
     1
290
     0
176
     1
290
     0
176
     1
290
     0
176
     1
290
     0
176
     1
290
     0
176
     1
 90
       50
176
     1
 40
0.0
176
     1
 40
1.0
176
     1
 90
        0
176
     1
 62
    18
176
     1
 90
       50
176
     1
 90
        3
176
     1
 62
     5
420
      255
176
     1
290
     0
176
     1
 90
       50
176
     1
 90
       50
176
     1
 90
       50
176
     1
290
     0
176
     1
 90
       50
176
     1
 62
   256
176
     0
 40
1.0
176
     0
 90
        2
176
     1
  1
strokes_ogs.tif
176
     1
290
     0
176
     1
 40
1.0
176
     1
 40
1.0
176
     1
1001
ACAD
1000
AcDbSavedByObjectVersion
1070
     0
  0
VISUALSTYLE
  5
F2
102
{ACAD_REACTORS
330
EF
102
}
330
EF
100
AcDbVisualStyle
  2
Gouraud
 70
     2
177
     3
291
     1
 70
    58
 90
        2
176
     1
 90
        2
176
     1
 90
        1
176
     1
 90
        2
176
     1
 40
0.6
176
     1
 40
30.0
176
     1
 62
     7
420
 16777215
176
     1
 90
        0
176
     1
 90
        0
176
     1
 62
     7
176
     1
 62
   257
176
     1
 90
        1
176
     1
 90
        1
176
     1
 40
1.0
176
     1
 90
        0
176
     1
 62
     7
176
     1
 40
1.0
176
     1
 90
        1
176
     1
 90
        6
176
     1
 90
        2
176
     1
 62
     7
176
     1
 90
        5
176
     1
 90
        0
176
     1
 90
        0
176
     1
290
     0
176
     1
 90
       13
176
     1
 40
0.0
176
     1
 90
        0
176
     1
290
     0
176
     1
290
     1
176
     1
290
     1
176
     1
290
     0
176
     1
290
     0
176
     1
290
     0
176
     1
290
     0
176
     1
290
     0
176
     1
290
     0
176
     1
 90
       50
176
     1
 40
0.0
176
     1
 40
1.0
176
     1
 90
        0
176
     1
 62
    18
176
     1
 90
       50
176
     1
 90
        3
176
     1
 62
     5
420
      255
176
     1
290
     0
176
     1
 90
       50
176
     1
 90
       50
176
     1
 90
       50
176
     1
290
     0
176
     1
 90
       50
176
     1
 62
   256
176
     0
 40
1.0
176
     0
 90
        2
176
     1
  1
strokes_ogs.tif
176
     1
290
     0
176
     1
 40
1.0
176
     1
 40
1.0
176
     1
1001
ACAD
1000
AcDbSavedByObjectVersion
1070
     0
  0
VISUALSTYLE
  5
F3
102
{ACAD_REACTORS
330
EF
102
}
330
EF
100
AcDbVisualStyle
  2
GouraudWithEdges
 70
     3
177
     3
291
     1
 70
    58
 90
        2
176
     1
 90
        2
176
     1
 90
        1
176
     1
 90
        2
176
     1
 40
0.6
176
     1
 40
30.0
176
     1
 62
     7
420
 16777215
176
     1
 90
        1
176
     1
 90
        0
176
     1
 62
     7
176
     1
 62
   257
176
     1
 90
        1
176
     1
 90
        1
176
     1
 40
1.0
176
     1
 90
        0
176
     1
 62
   257
176
     1
 40
1.0
176
     1
 90
        1
176
     1
 90
        6
176
     1
 90
        2
176
     1
 62
     7
176
     1
 90
        5
176
     1
 90
        0
176
     1
 90
        0
176
     1
290
     0
176
     1
 90
       13
176
     1
 40
0.0
176
     1
 90
        0
176
     1
290
     0
176
     1
290
     1
176
     1
290
     1
176
     1
290
     0
176
     1
290
     0
176
     1
290
     0
176
     1
290
     0
176
     1
290
     0
176
     1
290
     0
176
     1
 90
       50
176
     1
 40
0.0
176
     1
 40
1.0
176
     1
 90
        0
176
     1
 62
    18
176
     1
 90
       50
176
     1
 90
        3
176
     1
 62
     5
420
      255
176
     1
290
     0
176
     1
 90
       50
176
     1
 90
       50
176
     1
 90
       50
176
     1
290
     0
176
     1
 90
       50
176
     1
 62
   256
176
     0
 40
1.0
176
     0
 90
        2
176
     1
  1
strokes_ogs.tif
176
     1
290
     0
176
     1
 40
1.0
176
     1
 40
1.0
176
     1
1001
ACAD
1000
AcDbSavedByObjectVersion
1070
     0
  0
VISUALSTYLE
  5
F7
102
{ACAD_REACTORS
330
EF
102
}
330
EF
100
AcDbVisualStyle
  2
Hidden
 70
     6
177
     3
291
     0
 70
    58
 90
        1
176
     1
 90
        2
176
     1
 90
        2
176
     1
 90
        0
176
     1
 40
0.6
176
     1
 40
30.0
176
     1
 62
     7
420
 16777215
176
     1
 90
        2
176
     1
 90
        2
176
     1
 62
     7
176
     1
 62
   257
176
     1
 90
        2
176
     1
 90
        1
176
     1
 40
40.0
176
     1
 90
        0
176
     1
 62
   257
176
     1
 40
1.0
176
     1
 90
        1
176
     1
 90
        6
176
     1
 90
        2
176
     1
 62
     7
176
     1
 90
        3
176
     1
 90
        0
176
     1
 90
        0
176
     1
290
     0
176
     1
 90
        1
176
     1
 40
0.0
176
     1
 90
        0
176
     1
290
     0
176
     1
290
     1
176
     1
290
     1
176
     1
290
     0
176
     1
290
     0
176
     1
290
     0
176
     1
290
     0
176
     1
290
     0
176
     1
290
     0
176
     1
 90
       50
176
     1
 40
0.0
176
     1
 40
1.0
176
     1
 90
        0
176
     1
 62
    18
176
     1
 90
       50
176
     1
 90
        3
176
     1
 62
     5
420
      255
176
     1
290
     0
176
     1
 90
       50
176
     1
 90
       50
176
     1
 90
       50
176
     1
290
     0
176
     1
 90
       50
176
     1
 62
   256
176
     0
 40
1.0
176
     0
 90
        2
176
     1
  1
strokes_ogs.tif
176
     1
290
     0
176
     1
 40
1.0
176
     1
 40
1.0
176
     1
1001
ACAD
1000
AcDbSavedByObjectVersion
1070
     0
  0
VISUALSTYLE
  5
1E4
102
{ACAD_REACTORS
330
EF
102
}
330
EF
100
AcDbVisualStyle
  2
JitterOff
 70
    20
177
     3
291
     1
 70
    58
 90
        2
176
     0
 90
        2
176
     0
 90
        0
176
     0
 90
        0
176
     0
 40
0.6
176
     0
 40
30.0
176
     0
 62
     7
420
 16777215
176
     0
 90
        1
176
     0
 90
        4
176
     0
 62
     7
176
     0
 62
   257
176
     0
 90
        1
176
     0
 90
        1
176
     0
 40
1.0
176
     0
 90
       10
176
     2
 62
     7
176
     0
 40
1.0
176
     0
 90
        1
176
     0
 90
        6
176
     0
 90
        2
176
     0
 62
     7
176
     0
 90
        5
176
     0
 90
        0
176
     0
 90
        0
176
     0
290
     0
176
     0
 90
        1
176
     0
 40
0.0
176
     0
 90
        0
176
     0
290
     0
176
     1
290
     1
176
     1
290
     1
176
     1
290
     0
176
     1
290
     0
176
     1
290
     0
176
     1
290
     0
176
     1
290
     0
176
     1
290
     0
176
     1
 90
       50
176
     1
 40
0.0
176
     1
 40
1.0
176
     1
 90
        0
176
     1
 62
    18
176
     1
 90
       50
176
     1
 90
        3
176
     1
 62
     5
420
      255
176
     1
290
     0
176
     1
 90
       50
176
     1
 90
       50
176
     1
 90
       50
176
     1
290
     0
176
     1
 90
       50
176
     1
 62
   256
176
     0
 40
1.0
176
     0
 90
        2
176
     1
  1
strokes_ogs.tif
176
     1
290
     0
176
     1
 40
1.0
176
     1
 40
1.0
176
     1
1001
ACAD
1000
AcDbSavedByObjectVersion
1070
     0
  0
VISUALSTYLE
  5
FD
102
{ACAD_REACTORS
330
EF
102
}
330
EF
100
AcDbVisualStyle
  2
Linepattern
 70
    14
177
     3
291
     1
 70
    58
 90
        2
176
     1
 90
        2
176
     1
 90
        1
176
     1
 90
        0
176
     1
 40
0.6
176
     1
 40
30.0
176
     1
 62
     7
420
 16777215
176
     1
 90
        1
176
     1
 90
        4
176
     1
 62
     7
176
     1
 62
   257
176
     1
 90
        7
176
     1
 90
        7
176
     1
 40
1.0
176
     1
 90
        8
176
     1
 62
     7
176
     1
 40
1.0
176
     1
 90
        1
176
     1
 90
        6
176
     1
 90
        2
176
     1
 62
     7
176
     1
 90
        5
176
     1
 90
        0
176
     1
 90
        0
176
     1
290
     0
176
     1
 90
        1
176
     1
 40
0.0
176
     1
 90
        0
176
     1
290
     0
176
     1
290
     1
176
     1
290
     1
176
     1
290
     0
176
     1
290
     0
176
     1
290
     0
176
     1
290
     0
176
     1
290
     0
176
     1
290
     0
176
     1
 90
       50
176
     1
 40
0.0
176
     1
 40
1.0
176
     1
 90
        0
176
     1
 62
    18
176
     1
 90
       50
176
     1
 90
        3
176
     1
 62
     5
420
      255
176
     1
290
     0
176
     1
 90
       50
176
     1
 90
       50
176
     1
 90
       50
176
     1
290
     0
176
     1
 90
       50
176
     1
 62
   256
176
     0
 40
1.0
176
     0
 90
        2
176
     1
  1
strokes_ogs.tif
176
     1
290
     0
176
     1
 40
1.0
176
     1
 40
1.0
176
     1
1001
ACAD
1000
AcDbSavedByObjectVersion
1070
     0
  0
VISUALSTYLE
  5
1E5
102
{ACAD_REACTORS
330
EF
102
}
330
EF
100
AcDbVisualStyle
  2
OverhangOff
 70
    21
177
     3
291
     1
 70
    58
 90
        2
176
     0
 90
        2
176
     0
 90
        0
176
     0
 90
        0
176
     0
 40
0.6
176
     0
 40
30.0
176
     0
 62
     7
420
 16777215
176
     0
 90
        1
176
     0
 90
        4
176
     0
 62
     7
176
     0
 62
   257
176
     0
 90
        1
176
     0
 90
        1
176
     0
 40
1.0
176
     0
 90
        9
176
     2
 62
     7
176
     0
 40
1.0
176
     0
 90
        1
176
     0
 90
        6
176
     0
 90
        2
176
     0
 62
     7
176
     0
 90
        5
176
     0
 90
        0
176
     0
 90
        0
176
     0
290
     0
176
     0
 90
        1
176
     0
 40
0.0
176
     0
 90
        0
176
     0
290
     0
176
     1
290
     1
176
     1
290
     1
176
     1
290
     0
176
     1
290
     0
176
     1
290
     0
176
     1
290
     0
176
     1
290
     0
176
     1
290
     0
176
     1
 90
       50
176
     1
 40
0.0
176
     1
 40
1.0
176
     1
 90
        0
176
     1
 62
    18
176
     1
 90
       50
176
     1
 90
        3
176
     1
 62
     5
420
      255
176
     1
290
     0
176
     1
 90
       50
176
     1
 90
       50
176
     1
 90
       50
176
     1
290
     0
176
     1
 90
       50
176
     1
 62
   256
176
     0
 40
1.0
176
     0
 90
        2
176
     1
  1
strokes_ogs.tif
176
     1
290
     0
176
     1
 40
1.0
176
     1
 40
1.0
176
     1
1001
ACAD
1000
AcDbSavedByObjectVersion
1070
     0
  0
VISUALSTYLE
  5
F9
102
{ACAD_REACTORS
330
EF
102
}
330
EF
100
AcDbVisualStyle
  2
Realistic
 70
     8
177
     3
291
     0
 70
    58
 90
        2
176
     1
 90
        3
176
     1
 90
        0
176
     1
 90
        2
176
     1
 40
0.6
176
     1
 40
30.0
176
     1
 62
     7
420
 16777215
176
     1
 90
        0
176
     1
 90
        0
176
     1
 62
     7
176
     1
 62
   257
176
     1
 90
        1
176
     1
 90
        1
176
     1
 40
1.0
176
     1
 90
        8
176
     1
 62
   257
176
     1
 40
1.0
176
     1
 90
        1
176
     1
 90
        6
176
     1
 90
        2
176
     1
 62
     7
176
     1
 90
        3
176
     1
 90
        0
176
     1
 90
        0
176
     1
290
     0
176
     1
 90
       13
176
     1
 40
0.0
176
     1
 90
        0
176
     1
290
     0
176
     1
290
     1
176
     1
290
     1
176
     1
290
     0
176
     1
290
     0
176
     1
290
     0
176
     1
290
     0
176
     1
290
     0
176
     1
290
     0
176
     1
 90
       50
176
     1
 40
0.0
176
     1
 40
1.0
176
     1
 90
        0
176
     1
 62
    18
176
     1
 90
       50
176
     1
 90
        3
176
     1
 62
     5
420
      255
176
     1
290
     0
176
     1
 90
       50
176
     1
 90
       50
176
     1
 90
       50
176
     1
290
     0
176
     1
 90
       50
176
     1
 62
   256
176
     0
 40
1.0
176
     0
 90
        2
176
     1
  1
strokes_ogs.tif
176
     1
290
     0
176
     1
 40
1.0
176
     1
 40
1.0
176
     1
1001
ACAD
1000
AcDbSavedByObjectVersion
1070
     0
  0
VISUALSTYLE
  5
1F3
102
{ACAD_REACTORS
330
EF
102
}
330
EF
100
AcDbVisualStyle
  2
Shaded
 70
    27
177
     3
291
     0
 70
    58
 90
        2
176
     1
 90
        2
176
     1
 90
        1
176
     1
 90
        2
176
     1
 40
0.6
176
     1
 40
30.0
176
     1
 62
     7
420
 16777215
176
     1
 90
        0
176
     1
 90
        4
176
     1
 62
     7
176
     1
 62
   257
176
     1
 90
        1
176
     1
 90
        1
176
     1
 40
1.0
176
     1
 90
        8
176
     1
 62
   257
176
     1
 40
1.0
176
     1
 90
        1
176
     1
 90
        6
176
     1
 90
        2
176
     1
 62
     8
420
  7895160
176
     1
 90
        3
176
     1
 90
        0
176
     1
 90
        0
176
     1
290
     0
176
     1
 90
        5
176
     1
 40
0.0
176
     1
 90
        0
176
     1
290
     0
176
     1
290
     1
176
     1
290
     1
176
     1
290
     0
176
     1
290
     0
176
     1
290
     0
176
     1
290
     0
176
     1
290
     0
176
     1
290
     0
176
     1
 90
       50
176
     1
 40
0.0
176
     1
 40
1.0
176
     1
 90
        0
176
     1
 62
    18
176
     1
 90
       50
176
     1
 90
        3
176
     1
 62
     5
420
      255
176
     1
290
     0
176
     1
 90
       50
176
     1
 90
       50
176
     1
 90
       50
176
     1
290
     0
176
     1
 90
       50
176
     1
 62
   256
176
     0
 40
1.0
176
     0
 90
        2
176
     1
  1
strokes_ogs.tif
176
     1
290
     0
176
     1
 40
1.0
176
     1
 40
1.0
176
     1
1001
ACAD
1000
AcDbSavedByObjectVersion
1070
     0
  0
VISUALSTYLE
  5
1F2
102
{ACAD_REACTORS
330
EF
102
}
330
EF
100
AcDbVisualStyle
  2
Shaded with edges
 70
    26
177
     3
291
     0
 70
    58
 90
        2
176
     1
 90
        2
176
     1
 90
        1
176
     1
 90
        2
176
     1
 40
0.6
176
     1
 40
30.0
176
     1
 62
     7
420
 16777215
176
     1
 90
        1
176
     1
 90
        2
176
     1
 62
     7
176
     1
 62
   257
176
     1
 90
        2
176
     1
 90
        1
176
     1
 40
1.0
176
     1
 90
        8
176
     1
 62
   257
176
     1
 40
1.0
176
     1
 90
        1
176
     1
 90
        6
176
     1
 90
        2
176
     1
 62
     7
176
     1
 90
        3
176
     1
 90
        0
176
     1
 90
        0
176
     1
290
     0
176
     1
 90
        5
176
     1
 40
0.0
176
     1
 90
        0
176
     1
290
     0
176
     1
290
     1
176
     1
290
     1
176
     1
290
     0
176
     1
290
     0
176
     1
290
     0
176
     1
290
     0
176
     1
290
     0
176
     1
290
     0
176
     1
 90
       50
176
     1
 40
0.0
176
     1
 40
1.0
176
     1
 90
        0
176
     1
 62
    18
176
     1
 90
       50
176
     1
 90
        3
176
     1
 62
     5
420
      255
176
     1
290
     0
176
     1
 90
       50
176
     1
 90
       50
176
     1
 90
       50
176
     1
290
     0
176
     1
 90
       50
176
     1
 62
   256
176
     0
 40
1.0
176
     0
 90
        2
176
     1
  1
strokes_ogs.tif
176
     1
290
     0
176
     1
 40
1.0
176
     1
 40
1.0
176
     1
1001
ACAD
1000
AcDbSavedByObjectVersion
1070
     0
  0
VISUALSTYLE
  5
1EF
102
{ACAD_REACTORS
330
EF
102
}
330
EF
100
AcDbVisualStyle
  2
Shades of Gray
 70
    23
177
     3
291
     0
 70
    58
 90
        2
176
     1
 90
        2
176
     1
 90
        3
176
     1
 90
        0
176
     1
 40
0.6
176
     1
 40
30.0
176
     1
 62
     7
420
 16777215
176
     1
 90
        2
176
     1
 90
        2
176
     1
 62
     7
176
     1
 62
     7
176
     1
 90
        1
176
     1
 90
        1
176
     1
 40
40.0
176
     1
 90
        8
176
     1
 62
     7
176
     1
 40
1.0
176
     1
 90
        1
176
     1
 90
        6
176
     1
 90
        2
176
     1
 62
     7
176
     1
 90
        3
176
     1
 90
        0
176
     1
 90
        0
176
     1
290
     0
176
     1
 90
        1
176
     1
 40
0.0
176
     1
 90
        0
176
     1
290
     0
176
     1
290
     1
176
     1
290
     1
176
     1
290
     0
176
     1
290
     0
176
     1
290
     0
176
     1
290
     0
176
     1
290
     0
176
     1
290
     0
176
     1
 90
       50
176
     1
 40
0.0
176
     1
 40
1.0
176
     1
 90
        0
176
     1
 62
    18
176
     1
 90
       50
176
     1
 90
        3
176
     1
 62
     5
420
      255
176
     1
290
     0
176
     1
 90
       50
176
     1
 90
       50
176
     1
 90
       50
176
     1
290
     0
176
     1
 90
       50
176
     1
 62
   256
176
     0
 40
1.0
176
     0
 90
        2
176
     1
  1
strokes_ogs.tif
176
     1
290
     0
176
     1
 40
1.0
176
     1
 40
1.0
176
     1
1001
ACAD
1000
AcDbSavedByObjectVersion
1070
     0
  0
VISUALSTYLE
  5
1F0
102
{ACAD_REACTORS
330
EF
102
}
330
EF
100
AcDbVisualStyle
  2
Sketchy
 70
    24
177
     3
291
     0
 70
    58
 90
        1
176
     1
 90
        2
176
     1
 90
        2
176
     1
 90
        0
176
     1
 40
0.6
176
     1
 40
30.0
176
     1
 62
     7
420
 16777215
176
     1
 90
        2
176
     1
 90
        2
176
     1
 62
     7
176
     1
 62
     7
176
     1
 90
        1
176
     1
 90
        1
176
     1
 40
40.0
176
     1
 90
       11
176
     1
 62
     7
176
     1
 40
1.0
176
     1
 90
        1
176
     1
 90
        6
176
     1
 90
        2
176
     1
 62
     7
176
     1
 90
        6
176
     1
 90
        0
176
     1
 90
        0
176
     1
290
     0
176
     1
 90
        1
176
     1
 40
0.0
176
     1
 90
        0
176
     1
290
     0
176
     1
290
     1
176
     1
290
     1
176
     1
290
     0
176
     1
290
     0
176
     1
290
     0
176
     1
290
     0
176
     1
290
     0
176
     1
290
     0
176
     1
 90
       50
176
     1
 40
0.0
176
     1
 40
1.0
176
     1
 90
        0
176
     1
 62
    18
176
     1
 90
       50
176
     1
 90
        3
176
     1
 62
     5
420
      255
176
     1
290
     0
176
     1
 90
       50
176
     1
 90
       50
176
     1
 90
       50
176
     1
290
     0
176
     1
 90
       50
176
     1
 62
   256
176
     0
 40
1.0
176
     0
 90
        2
176
     1
  1
strokes_ogs.tif
176
     1
290
     0
176
     1
 40
1.0
176
     1
 40
1.0
176
     1
1001
ACAD
1000
AcDbSavedByObjectVersion
1070
     0
  0
VISUALSTYLE
  5
FC
102
{ACAD_REACTORS
330
EF
102
}
330
EF
100
AcDbVisualStyle
  2
Thicken
 70
    13
177
     3
291
     1
 70
    58
 90
        2
176
     1
 90
        2
176
     1
 90
        1
176
     1
 90
        0
176
     1
 40
0.6
176
     1
 40
30.0
176
     1
 62
     7
420
 16777215
176
     1
 90
        1
176
     1
 90
        4
176
     1
 62
     7
176
     1
 62
   257
176
     1
 90
        1
176
     1
 90
        1
176
     1
 40
1.0
176
     1
 90
       12
176
     1
 62
     7
176
     1
 40
1.0
176
     1
 90
        1
176
     1
 90
        6
176
     1
 90
        2
176
     1
 62
     7
176
     1
 90
        5
176
     1
 90
        0
176
     1
 90
        0
176
     1
290
     0
176
     1
 90
        1
176
     1
 40
0.0
176
     1
 90
        0
176
     1
290
     0
176
     1
290
     1
176
     1
290
     1
176
     1
290
     0
176
     1
290
     0
176
     1
290
     0
176
     1
290
     0
176
     1
290
     0
176
     1
290
     0
176
     1
 90
       50
176
     1
 40
0.0
176
     1
 40
1.0
176
     1
 90
        0
176
     1
 62
    18
176
     1
 90
       50
176
     1
 90
        3
176
     1
 62
     5
420
      255
176
     1
290
     0
176
     1
 90
       50
176
     1
 90
       50
176
     1
 90
       50
176
     1
290
     0
176
     1
 90
       50
176
     1
 62
   256
176
     0
 40
1.0
176
     0
 90
        2
176
     1
  1
strokes_ogs.tif
176
     1
290
     0
176
     1
 40
1.0
176
     1
 40
1.0
176
     1
1001
ACAD
1000
AcDbSavedByObjectVersion
1070
     0
  0
VISUALSTYLE
  5
F6
102
{ACAD_REACTORS
330
EF
102
}
330
EF
100
AcDbVisualStyle
  2
Wireframe
 70
     5
177
     3
291
     0
 70
    58
 90
        0
176
     1
 90
        2
176
     1
 90
        0
176
     1
 90
        0
176
     1
 40
0.6
176
     1
 40
30.0
176
     1
 62
     7
420
 16777215
176
     1
 90
        1
176
     1
 90
        4
176
     1
 62
     7
176
     1
 62
   257
176
     1
 90
        1
176
     1
 90
        1
176
     1
 40
1.0
176
     1
 90
        0
176
     1
 62
   257
176
     1
 40
1.0
176
     1
 90
        1
176
     1
 90
        6
176
     1
 90
        2
176
     1
 62
     7
176
     1
 90
        3
176
     1
 90
        0
176
     1
 90
        0
176
     1
290
     0
176
     1
 90
        1
176
     1
 40
0.0
176
     1
 90
        0
176
     1
290
     0
176
     1
290
     1
176
     1
290
     1
176
     1
290
     0
176
     1
290
     0
176
     1
290
     0
176
     1
290
     0
176
     1
290
     0
176
     1
290
     0
176
     1
 90
       50
176
     1
 40
0.0
176
     1
 40
1.0
176
     1
 90
        0
176
     1
 62
    18
176
     1
 90
       50
176
     1
 90
        3
176
     1
 62
     5
420
      255
176
     1
290
     0
176
     1
 90
       50
176
     1
 90
       50
176
     1
 90
       50
176
     1
290
     0
176
     1
 90
       50
176
     1
 62
   256
176
     0
 40
1.0
176
     0
 90
        2
176
     1
  1
strokes_ogs.tif
176
     1
290
     0
176
     1
 40
1.0
176
     1
 40
1.0
176
     1
1001
ACAD
1000
AcDbSavedByObjectVersion
1070
     0
  0
VISUALSTYLE
  5
1F1
102
{ACAD_REACTORS
330
EF
102
}
330
EF
100
AcDbVisualStyle
  2
X-Ray
 70
    25
177
     3
291
     0
 70
    58
 90
        2
176
     1
 90
        2
176
     1
 90
        1
176
     1
 90
        1
176
     1
 40
0.5
176
     1
 40
30.0
176
     1
 62
     7
420
 16777215
176
     1
 90
        1
176
     1
 90
        0
176
     1
 62
     7
176
     1
 62
   257
176
     1
 90
        1
176
     1
 90
        1
176
     1
 40
1.0
176
     1
 90
        8
176
     1
 62
     7
176
     1
 40
1.0
176
     1
 90
        1
176
     1
 90
        6
176
     1
 90
        2
176
     1
 62
     7
176
     1
 90
        3
176
     1
 90
        0
176
     1
 90
        0
176
     1
290
     0
176
     1
 90
       13
176
     1
 40
0.0
176
     1
 90
        0
176
     1
290
     0
176
     1
290
     1
176
     1
290
     1
176
     1
290
     0
176
     1
290
     0
176
     1
290
     0
176
     1
290
     0
176
     1
290
     0
176
     1
290
     0
176
     1
 90
       50
176
     1
 40
0.0
176
     1
 40
1.0
176
     1
 90
        0
176
     1
 62
    18
176
     1
 90
       50
176
     1
 90
        3
176
     1
 62
     5
420
      255
176
     1
290
     0
176
     1
 90
       50
176
     1
 90
       50
176
     1
 90
       50
176
     1
290
     0
176
     1
 90
       50
176
     1
 62
   256
176
     0
 40
1.0
176
     0
 90
        2
176
     1
  1
strokes_ogs.tif
176
     1
290
     0
176
     1
 40
1.0
176
     1
 40
1.0
176
     1
1001
ACAD
1000
AcDbSavedByObjectVersion
1070
     0
  0
DICTIONARYVAR
  5
146
102
{ACAD_REACTORS
330
5E
102
}
330
5E
100
DictionaryVariables
280
     0
  1
1:1
  0
DICTIONARYVAR
  5
259
102
{ACAD_REACTORS
330
5E
102
}
330
5E
100
DictionaryVariables
280
     0
  1
3.500000
  0
DICTIONARYVAR
  5
25A
102
{ACAD_REACTORS
330
5E
102
}
330
5E
100
DictionaryVariables
280
     0
  1
acadiso.lin
  0
DICTIONARYVAR
  5
145
102
{ACAD_REACTORS
330
5E
102
}
330
5E
100
DictionaryVariables
280
     0
  1
STANDARD
  0
DICTIONARYVAR
  5
84
102
{ACAD_REACTORS
330
5E
102
}
330
5E
100
DictionaryVariables
280
     0
  1
STANDARD
  0
DICTIONARYVAR
  5
227
102
{ACAD_REACTORS
330
5E
102
}
330
5E
100
DictionaryVariables
280
     0
  1
Metric50
  0
DICTIONARYVAR
  5
228
102
{ACAD_REACTORS
330
5E
102
}
330
5E
100
DictionaryVariables
280
     0
  1
Metric50
  0
DICTIONARYVAR
  5
5F
102
{ACAD_REACTORS
330
5E
102
}
330
5E
100
DictionaryVariables
280
     0
  1
2
  0
DICTIONARYVAR
  5
63
102
{ACAD_REACTORS
330
5E
102
}
330
5E
100
DictionaryVariables
280
     0
  1
1
  0
DICTIONARYVAR
  5
1AE
102
{ACAD_REACTORS
330
5E
102
}
330
5E
100
DictionaryVariables
280
     0
  1
0
  0
DICTIONARYVAR
  5
1AF
102
{ACAD_REACTORS
330
5E
102
}
330
5E
100
DictionaryVariables
280
     0
  1
0
  0
DICTIONARY
  5
205
330
22
100
AcDbDictionary
280
     1
281
     1
  0
DICTIONARY
  5
1F9
330
ED
100
AcDbDictionary
280
     1
281
     1
  3
FBXASSET
360
1FA
  0
DICTIONARY
  5
1F7
330
EC
100
AcDbDictionary
280
     1
281
     1
  3
FBXASSET
360
1F8
  0
DICTIONARY
  5
173
330
EE
100
AcDbDictionary
280
     1
281
     1
  3
BUMPTILE
360
175
  3
DIFFUSETILE
360
174
  3
FBXASSET
360
1FB
  3
OPACITYTILE
360
176
  3
REFLECTIONTILE
360
177
  0
DICTIONARY
  5
162
330
7F
100
AcDbDictionary
280
     1
281
     1
  3
ACAD_ROUNDTRIP_2008_TABLESTYLE_CELLSTYLEMAP
360
4C8
  0
XRECORD
  5
1FA
102
{ACAD_REACTORS
330
1F9
102
}
330
1F9
100
AcDbXrecord
280
     1
 70
     1
 90
429727718
  1
D62C5603-E3A1-4AEA-B7FB-FE5D8D0755AF
310
504B03040A0000080000CC70623B3DEE336E79000000790000001B0000006175746F6465736B2D64657369676E2D7061636B6167652E786D6C3C3F786D6C2076657273696F6E3D22312E302220656E636F64696E673D227574662D3822203F3E3C666F726D6174733E3C666F726D61743E687474703A2F2F736368656D612E
310
6175746F6465736B2E636F6D2F64657369676E2D7061636B6167652F323030393C2F666F726D61743E3C2F666F726D6174733E504B0304140006080800CC70623BD486FD9CA0000000F4000000130000005B436F6E74656E745F54797065735D2E786D6C7D8EC10E82300C865F65E91D8A1E8C310C0EEA1BF002731658846E
310
D98AC1B77784ABF1D8FE5FBFBF75BBCE937A534CCEB38643598122B6FEE978D0B0485F9C41B54DDD7D022595594E1A469170414C76A4D9A4D207E29CF43ECE46F218070CC6BECC4078ACAA135ACF422C856C0E68EA1BF5669944DDD7BCDE7B1F8E415D77AECB980613C2E4AC91FC167A2B244592486606FC29C8FD7F045B9A
310
EF7053A7E60B504B0304140006080800CC70623B853B8169EB0000007C01000008000000636F72652E786D6C8D90416EC3201045AF62CDB6C206821CC7C244919D9CA01740401C94182C03558F5F9C3852BBEB6A467FFE9B197D7EFC9E1EC5975982F5AE035262288C535E5B377690E21535501C055FBC8FBF6C503839990E
310
5619041F179FE64D52DE45E362569DD7661365082642A11EB9E920A89B99642953CC8E702F67A9EE7234257977194EC9EAE275C4EABCCF5EAD5940D4AC6F0E35A568B8F43562CD7046CD199FD07E60174276A7BE677B5EADB0E0D14EEFFB6A31321A0D82627C4084204C3F096B71DD52F6819B16635EADF63F509AF53FA164
310
5DDCD1EDDD17164090FCC8732078B56691CB33A85CD7DCC40F504B0304140006080800CC70623B55019EA25F0000007C00000007000000636E782E786D6C4DCB3B0E80201045D1AD90E915ED2CF8AC45050C11660C8261F98AB1B07AC9C97D42D718D865D3E909258CFD00CCE24AC6E326A164D74DC0B4128928FF32603847
310
2BA13128B1252AC747C6BAB984FC68F0B87FE8960A5C09FE86CFB69FBA01504B0304140006080800CC70623BDBABAAF470010000D40300000C0000006662782F636F72652E786D6CC553D16E823014FD95A6AF4B694182CC941A83FA05FB810A9511A125A5257EFE2E82712ECEB8A7F100CD39F7F69E734AF9FADC366850B6
310
AF8DCE7018308C942E4C59EB2AC3DE1D498AD15A706B8CFB56869196ADCAF00863C12B6B7C374385D14E6907A836A59A41D9F7CA615434B0C8705F7CAA5606D23BA8E84F41278B93AC54100640439DE0BDB320004D43C63716C7C399D30917DCFBBA9CD9BA8469F5B156168B24CED3F7248AC8769F27244EB73B92EED8862C
310
B7F13E0C179B3C8F979C8ECD82BBBABDAA2BAC924E9558448CBD9330242CFA08E3154B5651FCC6D215639C8EE5774DBE2B5F6CF2B5768B68963BB5F5588420E442FC700B1139D4CB01F450C1E918227C2E09DF070D8140C84E1E9AAB8F1340832A9CB13130A5F1376A908D57309505ECF2A0DF179C4E9D30F5B239B87E3823
310
7A79C6F31DE1A8A5AEC08474B03C7837EAE4938639B44E5932B833D2C6B6B279CDC613877FA26EE21F4A2A4C63EC7F29A2F301D1F9F7A0E37D145F504B0304140006080800CC70623B9C113CC27E0000009D0000000B0000006662782F636E782E786D6C4DCCDF0A83201C86E15B91DFB94BFB330DD428C8FB886521330DA7
310
6397BF1A1DECE883878F57749FCDA1B7892F1BBC047A23808C7F84D9FA55424E0BE6803A256208E9EF06C84F9B91703228B1C690F78B66B34CD9A5439DF5CF0BFBF65E35BCA1B8D6A5C6F540381E886698B5741C695F9503EBA150A2F8958E3DC3EA0B504B0304140006080800CC70623B7DF2F77C2A010000120200003100
310
00006662782F41393633353835312D344632462D344230382D423046372D3739314545314133324237412F636F72652E786D6C8D51DB8EC22014FC15C2939B0D2DB4B45643319AE817EC0F6041255A68B86CFCFC856D4D76DF7CE190393373060EDB3DC707F856CE6B6B7A480A0C81328395DA5C7B18C3057510EC3873D686
310
3F34088C18550F330C39BB3A1BA7051AAC09CA84841A2BD5020AEF55806078A44B0FFD7053A328440C89E1EFC52486BBB8AA8214A99D789CF9E05200300FC927E4FB4D5B375D43103D5527440FB843077C5AA3F5861C8F645F5787F59E95B390B318B55CE45AA638FAA2957BD7248B390B7A7CC51F9C124149C82B8C378810
310
84AB2F42B7B8DD56F413775B8C5999E9FF4471926F8AA236A1AE96B8B3CC434E5839373893369E1FAF30EA395917409EB7F26AF8801C171837A4A6AC9C89E9F9C9B1A58BA30FD6A5EF5DDDCF894B9AD9B6A59C957943A9FCAE2FD5BC4DFE03504B0304140006080800CC70623BAD7543B64E01000033030000300000006662
310
782F41393633353835312D344632462D344230382D423046372D3739314545314133324237412F636E782E786D6CD593CD6EC32010845F0571AD6CE3D48AD20813A9873E410FBD12D82434182C7EAAE6EDBB2424CD25871E7B41D6EC30B3FA84F9E67BB2E40B4234DE8DB46F1925E094D7C6ED479AD3AE5951B2113C789FEE
310
6C943839C1488B4C05DF079FE72A69D8C96C13AAD6B8631503449F83828872B949AC57D26200B826A308D316B4064D6E46FCDA41C05550DC9E483A00797BFD207EFB092A45DE9514C1BBD22178396BD39D891265658C238DEA00936C654E5E433CB65A26D9F6EDB5EBC14EBF49A45CB856E66048291F6939A9A81BB5C89177
310
38143CA680F4AA299D66A042CEB3354A2684DC9D8D178FE0D9B8B41CAAD720F880EE7EF93C0C18769E099ECC04D5A102C8049A8A05632F4DDF376CF1DE0F6BB65C2F8627B65A33C6BB62177CEBBDAD973006829F89F22E814B54F4BC2BE347F8AA8F681390B50FA73F804400B5F542E796F19FF974E7F78DB802FE05E20750
310
4B0304140006080800CC70623BE75B7789680500003C100000340000006662782F41393633353835312D344632462D344230382D423046372D3739314545314133324237412F6F626A656374732E786D6CAD575B8F9B3818FD2B887D06C22499CB8AA1CA655245D5B455A356FB305264C061D8018C6C3393D95FBFC7600890
310
A4CD5EF210B0B1BFEBF98E3F7B1FF6596ABC522E1296DF9BAE3D320D9A872C4AF2F8DE2CE5CEBA358D0FBEC719939D65A691938CDE9B6ADAF4BD98B3B2D05311DD91329583D9D5FC0F438434A7A611A644887B5384CF34233629258BA878B12322891DEFF6B66BD70BFB62634E8AE781D082709A4B588AF91C528CDA28B73F
310
1C998EEF39EABBEFA97FBD6A7C7E9553F9D3D79FE442923C3C523610337627CB87ABE99D359D4CC6D6E4FACAB5E6ABF9D2726FC6A3C5F56271377BB88362213924694B38DD99FE47C48627A1E7D49F5A8BB5E1A74C0A599ED3B0F21F1E56366B89112D681E218F0915D0D6F17AD41FBA2A369DCF6335D62ABBD39779D5DDD1
310
11D4D8DE3CBB96B2E04FB8202E41051754A1AA8E8F76B4C6DFE810B580B1547F4B84911149794252234D024EF8BBE963A95AE27B3D310A9D5C215C7960FAEE415ED75694C6AFB17BCACA5D99A60A9AA65F217B0BFC53292ACB92BF283FAD0D3621576592CB5BED907C2FA8E9DF794E35E97BEA31BED21FEB401ABB94C44839
310
DCACBF0E1C5DA8DA5B2F4DFFD32AD86F543D9E565E7056502E157C00AD2671CD534549AB752FCA9CDA00677A313F04E51B22FF19E57B300579E3C97EB29F682D92935CEC18CF901B7B54FD8C51F362B56FC72FE0B3C1EAE335EDCCBF5AEC39ADB17DC238973F804BA5E6F6BFE7AF1FB32E523BE9F3BD571418E3631DCA4D48
310
5250CF639223210A9446CA30052EDF057BD35F8329C1ECD84552BF0DC8D18BE7BCE23BFE6BD960AB4A7DE79923A103BEBD80F911CBAA2C60DB19B01CF164A5583B772EE6D3FFA56666CBCDA74DC97724A48F9A58967497E489C4D979006FD7A05E227A1EBDD0F737C623387A9C844D3709995625106D157315F8B8392CD4E0
310
A0B9A720C4BE9829CEF37EA1E13111214D53925356365ADA634861B52519DD27A00AEB808EAF0628E6F435519D446F45CF2C9CF5214F0A15B2F6D06B79DA3EE3CBF7F56780D2F4E7EF73A0F5E5B02A38D07DC852C6B7C1FBB6664213E0C39E3EBA7FF4E1AD23EA2829407C85E586727488B751B2DB9502BC7B228A3FD68B6E
310
A65A22397E690AA8D158D7E404EC8CDA235CC3B7D1898680131CEC2CDF2638C65196279577750F15884AEE19F94199155B92B13297978469D4F8D358DF0AEF7631E28DC8F0D9F437D5D39A83B2231A1D52D543813A824EF8D44BCFF2FA6A31BD1E8DAD87F1CCB526B3879935BF59CDADD5C37479BB1CDD4CA7B3556B516589
310
EF352754B706114D9C885EC9131DE6EFEB43D99AFE2391C2F958179413D7CFEF6B1B6DB1E7600F00DE6E5C67454A339A4BA2E0FBA85ED26F045D454F463DBFCE484C2F90F2E5E3666003662ED8F755951A7D1BECD5B30B550B2785C8E7320B7292A4838DDA71BBC863ED7613CAF659337A3354231D4FF4A182A54904C2898C
310
98B28C4AD0CE056CCF332A80986E571EE9DBC305BB5FEB7E509220A58D25CF042D712A806AC0AD0C657FDEF80D2D9CEAA2EE4D1C76F60BFE74219A06527D6F82DF6412526107381E55E353090704D085B52408A8913C4ED159D79BDA71BB4BC506F4831350EB6F975CD22D69BF7AC49B91A2C0A9DDA3D5CA36AD20FC478E37
310
E61844E2352865EBCB61A275A65283CAAA9DD27703B4102F5AF51EF5F573B75CBB5AD38BC845F7A49F82A0966A49C2E3EA5EA0ECD326CD965F1DB402C6FA8B51A4658C5C5E2EC9E214602E55810345408596591009A82E7E7FFACA19EEA299B14A0081A705CB3296EBC14CDF658DCD336EA6D1136881AAEB87B81AB9EE53D5
310
F5EB8BC8362082DA24122F98680A4E7930C01A0079749CEA14382A0783E5EBA5A10F8C098456A03D6A4AEB6BB881E2513747552A5DB22C7EDAF83BD5528081A365F7FF06504B0304140006080000CC70623B000000000000000000000000350000006662782F41393633353835312D344632462D344230382D423046372D37
310
39314545314133324237412F76657274696365732E62696E504B0304140006080800CC70623BF270F1330600000004000000360000006662782F41393633353835312D344632462D344230382D423046372D3739314545314133324237412F747269616E676C65732E62696E636660600000504B0304140006080000CC7062
310
3B000000000000000000000000370000006662782F41393633353835312D344632462D344230382D423046372D3739314545314133324237412F617474726962757465732E62696E504B0304140006080800CC70623B08DA0BD19000000041010000360000006662782F41393633353835312D344632462D344230382D4230
310
46372D3739314545314133324237412F6469726563746F72792E786D6C858F410AC3201045AF22B36F53E9A60B35CBEEBAE80D244E44489C6234F4F835464A48035D0DF398FF9F8AF63D0E6CC63039F212F8F9020C7D47C6792B21C5FE7403D62A1188E2E60C98D7234A5830286103A55745067B9D86B8A3CF9C7F90C11DE6
310
07FB144396D7B6A82D282E9A152AD114D5EF2CB866EEE831B8EEA07A7BB5A8D7D61A2BAAEB7FD5F70921FF497D00504B0304140006080800CC70623BEDD1DC58FD000000A00100003B0000006662782F41393633353835312D344632462D344230382D423046372D3739314545314133324237412F7265736F75726365732F
310
636F72652E786D6C8D504B6E833010BD0A9A6D65B00922041947112427E8052C33A156828DFCA97AFC9A40A576D7CDCCE87D344F8F9FBFE667F689CE6B6B3A6039850C8DB2A336530731DC4903D95970676DF82583CCC8193B5861107C72362E3BA4AC096842428D1D7107A5F7182053CF7474E0D507CE32973124857FE48B
310
540F3961CEF244279DE03EB81420DB9EAC1384436FA353E879B1B182C7A8C75DA3C7F453DF353A1075D537A7BA6464B8F535A99AE14A9A2BBD90E350DD183B5CFABE3AF262350B1EF4FC9351399401471025A527C218A1E53BAB5A5AB765F5469B96525EACF23FA6B88CFF34456DC2A1DCE36E360F82A5202F42F062ED2BAD
310
579969AFDD8A6F504B010214000A0000080000CC70623B3DEE336E79000000790000001B00000000000000000000000000000000006175746F6465736B2D64657369676E2D7061636B6167652E786D6C504B01021400140006080800CC70623BD486FD9CA0000000F40000001300000000000000000000000000B20000005B
310
436F6E74656E745F54797065735D2E786D6C504B01021400140006080800CC70623B853B8169EB0000007C010000080000000000000000000000000083010000636F72652E786D6C504B01021400140006080800CC70623B55019EA25F0000007C000000070000000000000000000000000094020000636E782E786D6C504B
310
01021400140006080800CC70623BDBABAAF470010000D40300000C00000000000000000000000000180300006662782F636F72652E786D6C504B01021400140006080800CC70623B9C113CC27E0000009D0000000B00000000000000000000000000B20400006662782F636E782E786D6C504B01021400140006080800CC70
310
623B7DF2F77C2A010000120200003100000000000000000000000000590500006662782F41393633353835312D344632462D344230382D423046372D3739314545314133324237412F636F72652E786D6C504B01021400140006080800CC70623BAD7543B64E010000330300003000000000000000000000000000D2060000
310
6662782F41393633353835312D344632462D344230382D423046372D3739314545314133324237412F636E782E786D6C504B01021400140006080800CC70623BE75B7789680500003C10000034000000000000000000000000006E0800006662782F41393633353835312D344632462D344230382D423046372D3739314545
310
314133324237412F6F626A656374732E786D6C504B01021400140006080000CC70623B0000000000000000000000003500000000000000000000000000280E00006662782F41393633353835312D344632462D344230382D423046372D3739314545314133324237412F76657274696365732E62696E504B01021400140006
310
080800CC70623BF270F133060000000400000036000000000000000000000000007B0E00006662782F41393633353835312D344632462D344230382D423046372D3739314545314133324237412F747269616E676C65732E62696E504B01021400140006080000CC70623B0000000000000000000000003700000000000000
310
000000000000D50E00006662782F41393633353835312D344632462D344230382D423046372D3739314545314133324237412F617474726962757465732E62696E504B01021400140006080800CC70623B08DA0BD1900000004101000036000000000000000000000000002A0F00006662782F41393633353835312D344632
310
462D344230382D423046372D3739314545314133324237412F6469726563746F72792E786D6C504B01021400140006080800CC70623BEDD1DC58FD000000A00100003B000000000000000000000000000E1000006662782F41393633353835312D344632462D344230382D423046372D3739314545314133324237412F7265
310
736F75726365732F636F72652E786D6C504B0506000000000E000E0080040000641100000000
  0
XRECORD
  5
1F8
102
{ACAD_REACTORS
330
1F7
102
}
330
1F7
100
AcDbXrecord
280
     1
 70
     1
 90
429727718
  1
30362254-06B7-45E0-A893-8CFA70E3D6BC
310
504B03040A0000080000CC70623B3DEE336E79000000790000001B0000006175746F6465736B2D64657369676E2D7061636B6167652E786D6C3C3F786D6C2076657273696F6E3D22312E302220656E636F64696E673D227574662D3822203F3E3C666F726D6174733E3C666F726D61743E687474703A2F2F736368656D612E
310
6175746F6465736B2E636F6D2F64657369676E2D7061636B6167652F323030393C2F666F726D61743E3C2F666F726D6174733E504B0304140006080800CC70623BD486FD9CA0000000F4000000130000005B436F6E74656E745F54797065735D2E786D6C7D8EC10E82300C865F65E91D8A1E8C310C0EEA1BF002731658846E
310
D98AC1B77784ABF1D8FE5FBFBF75BBCE937A534CCEB38643598122B6FEE978D0B0485F9C41B54DDD7D022595594E1A469170414C76A4D9A4D207E29CF43ECE46F218070CC6BECC4078ACAA135ACF422C856C0E68EA1BF5669944DDD7BCDE7B1F8E415D77AECB980613C2E4AC91FC167A2B244592486606FC29C8FD7F045B9A
310
EF7053A7E60B504B0304140006080800CC70623B1EC5D7A3EB0000007C01000008000000636F72652E786D6C8D90416EC3201045AF82665B6103C6756C6122AB4D4ED00B204C5C94182C03558F5F9C3852BBEB6A467FFE9B197D71FC9E6FE8CBACC17AD7032D0820E3B41FAD9B7A48F1820F808E52ACDEC75F36404ECDA687
310
4D0629A6D5A76597B477D1B89855E747B38B2A041301E95B6E7A08FAD3CCAA50296647B8168BD2573599823EBB0CA76447F43862C7BCCF5EAC59410E4DDD9C7973C2755553CCCFA4C603E3040F1565ED3B1FDE4E432BCA0D9622DAF9795FAF464533826484B498524CD807E51D79ED187F21878E10516EF63F505AC67F42C9
310
BA58B1FDDD071640D2FCC87D2045B96591CB3DA85CB7DCE40F504B0304140006080800CC70623B55019EA25F0000007C00000007000000636E782E786D6C4DCB3B0E80201045D1AD90E915ED2CF8AC45050C11660C8261F98AB1B07AC9C97D42D718D865D3E909258CFD00CCE24AC6E326A164D74DC0B4128928FF32603847
310
2BA13128B1252AC747C6BAB984FC68F0B87FE8960A5C09FE86CFB69FBA01504B0304140006080800CC70623B8C9102E971010000D40300000C0000006662782F636F72652E786D6CC5535B6E833010BC8AE5DF0A6C08340F1947A84D4ED00B38C6A128602363A31CBFCB234A53A551FA553EC09AD9F5CE8C31DB9E9B1AF5CA
310
7695D1198E428A91D2D214952E33ECDD315861B4E5CC1AE3BE9561A445A3323CC098B3D21ADFCE9034DA29ED00D5A6503328BA4E398C640D8B0C77F253352214DE4145770A5B214FA2546114020D759C75CE8200340D19DE981F0F6746269C33EFAB6266AB02A655C74A59CCF365BADC27CB5D902ED22848F6340DF238A141
310
BE88E2F57B92BFEDF23523433367AE6A2EEAA455C2A902F398D2751045018D3FA264435F3771F242571B4A1919CA6F9A7C5B3CD9E42BED16F12C776AEB308F40C848FC700B1139D4891EF410CEC810227CC6846F8386402064270EF5C5C709A05E49676C024C61FC95EA45ED154CA5211D1FF4FB8291A913A68E9B83EBBB33
310
E2A7673CDE118E5AE8124C0807CB8377834E366998436B950D7A7746DAD846D4CFD978E0F04FD455FC5D49D2D4C6FE9722321F10997F0F32DC47FE05504B0304140006080800CC70623BFFEA85907E0000009D0000000B0000006662782F636E782E786D6C4DCCD10A83201886E15B91FFDC95D95A811AB6F23E625948A6C3
310
E9D8E5AF46073BFAE0E1E365ED67B3E8ADC3CB78C7815C7240DA3DFC64DCC221C519D7805AC182F7F1EF06C88D9BE6703008B6049F9E274D7A1E938DBB5AE3D6131B2589BA0D3D965551E0B2EA732C9B9A624AAEB41E3A557677029960D9AFB4EF11165F504B0304140006080800CC70623B4FEEA4082C0100001202000031
310
0000006662782F39464131463745442D413632322D343644302D413938332D3331353338454246344243312F636F72652E786D6C8D515B6EC32010BC0AE2AB55850DD871ED0813254D72825EC00192A2C460F1A872FC42ED48ED5F7E00CDCECCCEB26C731F6FE05B39AFADE921293004CA082BB5B9F43086336A21D870E6AC
310
0D7F68109861543DCC30E4ECE26C9C164858139409093556AA051CBC570102714B8F1E7AF1A5C6A11862480C7F2DA6415C878B2A4891CA89C7990F2E050073937C42DE1DB7E4F87ED8A36D4329AA9B3D46DBAEAD504556557BD81DEBDD0761E52CE42C462D17B996298E3E6BE59E35C962CE821E1FF18553435012728A7187
310
0841987E927A8D9B35ADDF70BBC6989599FE4F1427F9A4286A132ABAC49D651EF234CD5CE04CDA78BA3DC2A8FB645D00B9DF8B57E215725C60BCA2A463E54C4CE327C7A65E1C7DB02E7DEFCBF594B864C5CA6CDBD49C957943E9FA5D5FBAF336F90F504B0304140006080800CC70623BAD7543B64E01000033030000300000
310
006662782F39464131463745442D413632322D343644302D413938332D3331353338454246344243312F636E782E786D6CD593CD6EC32010845F0571AD6CE3D48AD20813A9873E410FBD12D82434182C7EAAE6EDBB2424CD25871E7B41D6EC30B3FA84F9E67BB2E40B4234DE8DB46F1925E094D7C6ED479AD3AE5951B2113C
310
789FEE6C943839C1488B4C05DF079FE72A69D8C96C13AAD6B8631503449F83828872B949AC57D26200B826A308D316B4064D6E46FCDA41C05550DC9E483A00797BFD207EFB092A45DE9514C1BBD22178396BD39D891265658C238DEA00936C654E5E433CB65A26D9F6EDB5EBC14EBF49A45CB856E66048291F6939A9A81BB5
310
C8917738143CA680F4AA299D66A042CEB3354A2684DC9D8D178FE0D9B8B41CAAD720F880EE7EF93C0C18769E099ECC04D5A102C8049A8A05632F4DDF376CF1DE0F6BB65C2F8627B65A33C6BB62177CEBBDAD973006829F89F22E814B54F4BC2BE347F8AA8F681390B50FA73F804400B5F542E796F19FF974E7F78DB802FE05
310
E207504B0304140006080800CC70623B16AB87BA640500003C100000340000006662782F39464131463745442D413632322D343644302D413938332D3331353338454246344243312F6F626A656374732E786D6CAD575B6FA33818FD2B887DE6924B3BED8A326A92B68A663B534DD4D13E548A0C38942D60649B369D5FBFC7
310
600890A493BDE42160637FD7F31D7FF63E6FB3D478A55C242CBF3247B66B1A340F5994E4F19559CA8D75611A9F7D8F33263BCB4C232719BD32D5B4E97B316765A1A722BA21652A07B3B7B33F0D11D29C9A46981221AE4C113ED38CD8A4942CA2E2C58E882476BCD9DA23BB5ED8171B73523C0F841684D35CC252CCE79062D4
310
468DFA43D7747CCF51DF7D4FFDEB5593E3AB9CCA9FBEFE241792E4E19EB28198C968BAB8199F5D5A67D3E9C49A9E8F47D6EC76B6B0469F26EEFC7C3EBFBCBEB98462213924694B38DD98FE1D62C393D073EA4FADC5DAF04326852CCF6958F90F0F2B9BB5C48816348F90C7840A68EB78EDF68723159BCEE7891A6B95DDE9D3
310
BCEAEEE8086A6C6F9E5D4B59F0175C10A7A0820BAA5055C7473B5AE3CFDD452D602CD5DF12616444529E90D448938013FE6EFA58AA96F85E4F8C42275708571E98FE6827AF6B2B4AE3D7D83D64E5A64C53054DD3AF90BD06FEA9149565C94FCA0F6B834DC85599E4F2423B24DF0B6AFA979E534DFA9E7A4CC6FA631D486393
310
921829879BF5D781A373557BCB85E97FB90DB62B558F8795179C15944B051F40AB495CF35451D26A4727654E6D8033BD98EF82F21D91FF8AF2DD9982BCF1643BDD4EB516C9492E368C67C88DED563FC36D5EACF66DFF057C3658BDBFA69DF9578B3DA735B64F18C7F20770A9D45CFCF7FCF563D6456A277DBEF78A02637CA2
310
43B90A490AEAB94F72244481D24819A6C0E59B606BFA4B3025981DBB48EAB701D97BF19C577CC77F2D1B6C55A9EF3C732474C0B727303F625995056C3B02963D9EAC146BE78EC5FCEC7FA999EBC5EACBAAE41B12D27B4D2C0BBA49F244E2ECDC81B76B502F113D8F5EE8FB1BE3111CDD4FC2AA9B844CAB1288B68AB90A7CDC
310
1C166AB0D3DC5310625FCC14E779BFD0709F8890A629C9292B1B2DED31A4B0DA928CEE135085754027E3018A397D4D5427D15BD1330B677DC8934285AC3DF45A9EB68FF8F2B8FC0A509AFEECFD0FF2DE25CC6047F7214B195F07EFEB9A094D800F7BFAE8FED187B78EA8A3A400F115961BCAD1215E47C966530AF0EE8128FE
310
58CEBB996A8964FFA529A046635D9353B0336A8F700DDF46271A024E70B0B37C9DE01847591E54DED53D54202AB947E4076556AC49C6CA5C9E1226B7F1A7B1BE15DEED62C41B91E1B3E9AFAAA735036547343A925075041DF0A9979E893B391F8FCFA6967B3EFB644DCF6E5CEBFAE272625DCC6FAF3FB93793C5F90CE1EF57
310
407342756B10D1C489E8953CD1617E5CEECAD6F4EF8914CE5D5D504E5C3F1F9736DA62CFC11E00BCDDB8CC8A9466349744C1F75EBDA4DF09BA8A9E8C7A7E9991989E20E5DBDD6A6003664ED8F7A04A8DBE0DF6EAD9B9AA858342E47399053949D2C146EDB85DE4B176BB0965FBAC19BD19AA918E27FA50C1D22402E144464C
310
59462568E704B6E71915404CB72B8FF4EDE184DDAF753F284990D2C6926782963815403548A70C657FDEF80D2D9CEAA2AE4C1C76F60BFE74219A06527D6582DF6412526107381E55E353090704D085B52408D0933C4ED159D79BDA71BB4BC506F4831350EB6F979CD22D69BF7AC49B91A2C0A9DDA3D5CA36AD20FC478E37E6
310
1844E2352865EBCB6EA275A652E3836BE04EFB400BF1A2556F515F1FBB35B2AB35BD889C744FFA1004B5544B121E57F70215746DD2F5E2C1412B602CBF19455AC6C8E5E9922C4E01E65215385004546899059180EAFCF7A707CE7017CD8CDB0410789AB32C63B91E5CEBBBACB17AC6CD347A022D5075FD106377347AAABA7E
310
7D11590744509B44E205134DC1290F06580320F78E537D3D73540E06CB970B431F185308AD40BBD794D6D77003C5A36E8EAA54BA64597CD8F83BD552A080A365F7FF06504B0304140006080000CC70623B000000000000000000000000350000006662782F39464131463745442D413632322D343644302D413938332D3331
310
353338454246344243312F76657274696365732E62696E504B0304140006080800CC70623BF270F1330600000004000000360000006662782F39464131463745442D413632322D343644302D413938332D3331353338454246344243312F747269616E676C65732E62696E636660600000504B0304140006080000CC70623B
310
000000000000000000000000370000006662782F39464131463745442D413632322D343644302D413938332D3331353338454246344243312F617474726962757465732E62696E504B0304140006080800CC70623B08DA0BD19000000041010000360000006662782F39464131463745442D413632322D343644302D413938
310
332D3331353338454246344243312F6469726563746F72792E786D6C858F410AC3201045AF22B36F53E9A60B35CBEEBAE80D244E44489C6234F4F835464A48035D0DF398FF9F8AF63D0E6CC63039F212F8F9020C7D47C6792B21C5FE7403D62A1188E2E60C98D7234A5830286103A55745067B9D86B8A3CF9C7F90C11DE607
310
FB144396D7B6A82D282E9A152AD114D5EF2CB866EEE831B8EEA07A7BB5A8D7D61A2BAAEB7FD5F70921FF497D00504B0304140006080800CC70623B0D6EF93BFE000000A00100003B0000006662782F39464131463745442D413632322D343644302D413938332D3331353338454246344243312F7265736F75726365732F63
310
6F72652E786D6C8D50596E833010BD0A9ADFCA60B334011947A8694ED00B586642AC041B79A97AFC9A40A5F6AF3F33A3B7689E1E3F7DCD8FEC139DD7D6F4C0720A191A65476DA61E62B892236427C19DB5E1970C322367EC618541F0C9D9B8EC90B226A009093576C41D94DE63804C3DD2D18357379C652E63480A7FCF17A9
310
EE72C29CE5894E3AC17D702940B63D59270887DE46A7D0F36263058F518FBB468FE9A7BE6A7420864373B8D4873369AA8691FA421B3294352543C5CAF65C0F6FEF43CB8BD52C78D0F34F46E550061C419494B6843142CB0F5677F4B52BEB177AEC28E5C52AFF638ACBF84F53D42654E51E77B379102C05791282176B5F693D
310
CB4C7BED567C03504B010214000A0000080000CC70623B3DEE336E79000000790000001B00000000000000000000000000000000006175746F6465736B2D64657369676E2D7061636B6167652E786D6C504B01021400140006080800CC70623BD486FD9CA0000000F40000001300000000000000000000000000B20000005B
310
436F6E74656E745F54797065735D2E786D6C504B01021400140006080800CC70623B1EC5D7A3EB0000007C010000080000000000000000000000000083010000636F72652E786D6C504B01021400140006080800CC70623B55019EA25F0000007C000000070000000000000000000000000094020000636E782E786D6C504B
310
01021400140006080800CC70623B8C9102E971010000D40300000C00000000000000000000000000180300006662782F636F72652E786D6C504B01021400140006080800CC70623BFFEA85907E0000009D0000000B00000000000000000000000000B30400006662782F636E782E786D6C504B01021400140006080800CC70
310
623B4FEEA4082C0100001202000031000000000000000000000000005A0500006662782F39464131463745442D413632322D343644302D413938332D3331353338454246344243312F636F72652E786D6C504B01021400140006080800CC70623BAD7543B64E010000330300003000000000000000000000000000D5060000
310
6662782F39464131463745442D413632322D343644302D413938332D3331353338454246344243312F636E782E786D6C504B01021400140006080800CC70623B16AB87BA640500003C1000003400000000000000000000000000710800006662782F39464131463745442D413632322D343644302D413938332D3331353338
310
454246344243312F6F626A656374732E786D6C504B01021400140006080000CC70623B0000000000000000000000003500000000000000000000000000270E00006662782F39464131463745442D413632322D343644302D413938332D3331353338454246344243312F76657274696365732E62696E504B01021400140006
310
080800CC70623BF270F133060000000400000036000000000000000000000000007A0E00006662782F39464131463745442D413632322D343644302D413938332D3331353338454246344243312F747269616E676C65732E62696E504B01021400140006080000CC70623B0000000000000000000000003700000000000000
310
000000000000D40E00006662782F39464131463745442D413632322D343644302D413938332D3331353338454246344243312F617474726962757465732E62696E504B01021400140006080800CC70623B08DA0BD190000000410100003600000000000000000000000000290F00006662782F39464131463745442D413632
310
322D343644302D413938332D3331353338454246344243312F6469726563746F72792E786D6C504B01021400140006080800CC70623B0D6EF93BFE000000A00100003B000000000000000000000000000D1000006662782F39464131463745442D413632322D343644302D413938332D3331353338454246344243312F7265
310
736F75726365732F636F72652E786D6C504B0506000000000E000E0080040000641100000000
  0
XRECORD
  5
175
102
{ACAD_REACTORS
330
173
102
}
330
173
100
AcDbXrecord
280
     1
270
     1
271
     1
  0
XRECORD
  5
174
102
{ACAD_REACTORS
330
173
102
}
330
173
100
AcDbXrecord
280
     1
270
     1
271
     1
  0
XRECORD
  5
1FB
102
{ACAD_REACTORS
330
173
102
}
330
173
100
AcDbXrecord
280
     1
 70
     0
 90
1673772943
  1
ECE7A1D2-D628-4531-984C-D00F80459256
310
504B03040A0000080000CC70623B3DEE336E79000000790000001B0000006175746F6465736B2D64657369676E2D7061636B6167652E786D6C3C3F786D6C2076657273696F6E3D22312E302220656E636F64696E673D227574662D3822203F3E3C666F726D6174733E3C666F726D61743E687474703A2F2F736368656D612E
310
6175746F6465736B2E636F6D2F64657369676E2D7061636B6167652F323030393C2F666F726D61743E3C2F666F726D6174733E504B0304140006080800CC70623BD486FD9CA0000000F4000000130000005B436F6E74656E745F54797065735D2E786D6C7D8EC10E82300C865F65E91D8A1E8C310C0EEA1BF002731658846E
310
D98AC1B77784ABF1D8FE5FBFBF75BBCE937A534CCEB38643598122B6FEE978D0B0485F9C41B54DDD7D022595594E1A469170414C76A4D9A4D207E29CF43ECE46F218070CC6BECC4078ACAA135ACF422C856C0E68EA1BF5669944DDD7BCDE7B1F8E415D77AECB980613C2E4AC91FC167A2B244592486606FC29C8FD7F045B9A
310
EF7053A7E60B504B0304140006080800CC70623BD9DDAED0EC0000007C01000008000000636F72652E786D6C8D90416EC3201045AF82665B61836D9CD8C2444DD39CA01740405C94182C03558F5F9C3852BBEB6A467FFE9B197D7EF89E6EE8CB2CC17A37002D0820E394D7D68D03A478C17B4007C117EFE32F1B20272733C0
310
2A83E0E3E2D3BC49CABB685CCCAAF3DA6CA20CC14440EA969B0182FA34932C648AD911AEC52CD5558EA6A0CF2EC329598D1E47ACCEFBECC59A050463A7EA5833865FEBDD0E37353BE3EE8DBDE3F6786A48D375FBF6CC78B9C282473B3DEFABC5C86834888A900E538A49F5419B9EB47DD5BC907D4F082F57FB1F28CDFA9F50
310
B22ED6D5F6EE030B20687EE43E10BC5CB3C8E51E54AE6B6EE207504B0304140006080800CC70623B55019EA25F0000007C00000007000000636E782E786D6C4DCB3B0E80201045D1AD90E915ED2CF8AC45050C11660C8261F98AB1B07AC9C97D42D718D865D3E909258CFD00CCE24AC6E326A164D74DC0B4128928FF326038
310
472BA13128B1252AC747C6BAB984FC68F0B87FE8960A5C09FE86CFB69FBA01504B0304140006080800CC70623BA24EB22D72010000D40300000C0000006662782F636F72652E786D6CC5535B6E833010BC8AE5DF0A6C5E49888CA3A6694ED00B38E05014B091B1518EDFE511A5A9D228FD2A1F60CDEC7A67C6986DCE4D8D7A
310
69BA4AAB0C073EC548AA5C17952A33ECECD15B61B4E1CC686DBF9561A44423333CC098B3D268D7CE50AE9595CA02AA74216750749DB418E5352C32DCE59FB211BE70162ABA93DF8AFC244AE9073ED050C759670D0840D390E18DF9F1706664C23973AE2A66B62A605A75ACA4C13C4976E1364A12EF355A2EBD384AF65EFA96
310
BC7B8BED2EA6719AAE16FB8491A199335B351775B991C2CA02F390D2D40B028F861F41BCA68B7518BFD0D59A524686F29B26D7164F36B94AD9289CE54E6D1DE6010819891F6E21228B3AD1831EC219194284CF98F06DD01008846CC5A1BEF83801D4CBDC6A1303536877A57A513B0953A94FC707FDBE6064EA84A9E3E6E0FA
310
EE8CF0E9198F7784A316AA0413C2C2F2E0ECA0934D1AE6D05A69BCDE9E91D2A611F573361E38FC1375157F5752AE6B6DFE4B11990F88CCBF0719EE23FF02504B0304140006080800CC70623B408A7D3B7C0000009D0000000B0000006662782F636E782E786D6C4DCCD10A83201886E15B91FFDC552A92A0064DBC8F581632
310
D3703A76F9ABD1C18E3E78F878E5F0D9027ABBFCF2292AE86E2D20171F69F6715550CB827B40839639A5F2770314A7CD293819B45C73AAFB45B35BA61ACAA1C1C7E7855C58C15BC331339661262CC762340413D68D77DA5B42298546CBE6573AF60CEB2F504B0304140006080800CC70623B449FB9BD290100001202000031
310
0000006662782F36394639363044362D344446342D343946362D394244322D3234314243333846323333332F636F72652E786D6C8D515B6EC32010BC0AE22B55850D98B871848994463E412FE002495162B07854397EA176A4F62F3F2C9A9D991D587EB84F37F0AD7D30CEF6905418026DA553C65E7A98E219ED203808EE9D
310
8B7F6810D871D23D2C3014FCE25D9A57483A1BB58D19B54EE9151C43D0110279CB971E06F9A5A7B11A53CC8C70ADE6515EC78BAE4895DB992778883E0700CB907242D17643D7E2538BD869608875438BBAE38922CAC8F1BDD90DB4691A5E2F42C153326A951B95E398B3D1FE599322163C9AE9115F7A3D46ADA0A018778810
310
84E907617BDCEE297BC5BB3DC6BC2EF47FA234AB2745C9D8D8D035EE220B50105E2F0DC1954B9FB747187D9F9D8FA0CCDB042D5FA0C015C65B42DF78BD10F3F3B363CB56C7109DCFDFBBB97E662ED92EB62D13BC2E1BCAE5777DB9966D8A1F504B0304140006080800CC70623BAD7543B64E01000033030000300000006662
310
782F36394639363044362D344446342D343946362D394244322D3234314243333846323333332F636E782E786D6CD593CD6EC32010845F0571AD6CE3D48AD20813A9873E410FBD12D82434182C7EAAE6EDBB2424CD25871E7B41D6EC30B3FA84F9E67BB2E40B4234DE8DB46F1925E094D7C6ED479AD3AE5951B2113C789FEE
310
6C943839C1488B4C05DF079FE72A69D8C96C13AAD6B8631503449F83828872B949AC57D26200B826A308D316B4064D6E46FCDA41C05550DC9E483A00797BFD207EFB092A45DE9514C1BBD22178396BD39D891265658C238DEA00936C654E5E433CB65A26D9F6EDB5EBC14EBF49A45CB856E66048291F6939A9A81BB5C89177
310
38143CA680F4AA299D66A042CEB3354A2684DC9D8D178FE0D9B8B41CAAD720F880EE7EF93C0C18769E099ECC04D5A102C8049A8A05632F4DDF376CF1DE0F6BB65C2F8627B65A33C6BB62177CEBBDAD973006829F89F22E814B54F4BC2BE347F8AA8F681390B50FA73F804400B5F542E796F19FF974E7F78DB802FE05E20750
310
4B0304140006080800CC70623B8D05915C650500003B100000340000006662782F36394639363044362D344446342D343946362D394244322D3234314243333846323333332F6F626A656374732E786D6CAD575B6FA33814FE2B887D06429276DA1565D4266D158D3A339A6846FB502932E050B66023DB74D2FDF5FB190C01
310
9276B2973C046C8ECFF53B17071F77456EBD502133CEAE6CDF9DD81665314F32965ED995DA3A17B6F5310C04E7AA47665B8C14F4CAD6DB7618A48257A5D94AE89654B91AEDDEDDFC61C998326A5B714EA4BCB265FC440BE2924AF184CA6737218AB8E976E7FA6E4338649B0A523E8D98964450A6A029F619B8588D52FE7039
310
B1BD30F0F4F730D0FF866AF6369557DB33949F31A9088B0F848DD8CCFCF9F2767A76E99CCDE733677E3EF59D9BBB9BA5E37F984D16E78BC5E5F5ED25044B25C0C96822E8D60EEFE11B91C581D77CEA34368A1F5329E68CD1B8B61F16D63A1B8E092D294B10C78C4A48EB593D192E7DED9BDEE7995E1B91FDEDD3ACEA9FE831
310
6A756F9F7D4D79F4274C90A7A04248AA51D5F8C718DAE06FB2F75AC4796EBE65D22A88A22223B995679120E2D50E41AA49C260C046A35368846B0BECD0DFF3EBEB8AD4F835768F69B9ADF25C43D30E6B646F807FAA64AD59F61715C7A54127C4AACA98BA3006A9D792DAE165E0D59B61A01FB3A9F9D838D2DAE62445C86166
310
F37564E842E7DE6A69879FEEA2DD5AE7E371E1A5E025154AC307D06A03D73EB5978C58FFA4C8E9033066E0F3BD53BEC1F39F91BE7B55103791EDE6BBB991A2046172CB4581D8B893FA674DDA17A77B3B7C413D1B511FD2743BFF8A38F03A658705E3ADF8015C3A3417FF3D7E439FF591DA0B5F18BC20C1B8981957AE6392A3
310
F43C640C01D1A0B4728E2DD4F26DB4B3C3152A252A3B4E913CEC1C72F012782FF88EFF8637AA552DBEF76408E8A8DE9E50F9E1CB3A2DA0DB1B6039A893B56063DC5B3E3FFB5F72E67AB9FEB4AEC496C4F4C1149625DD662C53E89D7BF0F6151A046260D1337DFDC94502430F83B0EE07A130A224BCAD7DAE1D9FB6CD422FF6
310
920702629C4BB9AE79C12F243C6432A6794E18E5552BA56B431AAB5D91317302B2B071E86C3A42B1A02F999E24061403B5D0EB639195DA655DD3EBEAB4FB862DDF579F014AD0E73C22F99E28DA57FB98E75C6CA2D74D53086D600F4786E0FE3144B771A8A7B900F03594DB8A633CBC49B2EDB69228BB479CF863B5E807AAAB
310
23872F6DFEB4129B949CA33823F58830E86D65621E10047D9DB34D862E8EAC3C2ABC2F7B2C40D67CDFE01F5545B92105AF983AC54D93D69E56FB8E797F88913F898A9FEC705D3F9D1B54EC8426FB500D40A03BD0119B06E1B95DDC7EB8F6975367793EBD70E66733DFB9BC982F9CE564727731999F5D4ECFCE3B8D6A4DC2A0
310
6D50FD148437D110834A64C6CDDF57FBACB5C307A2A477DFE4939736CFEF2B175371E0E10CF0DD1D5C15654E0BCA14D1E87DD02FF93782A162C0A3D95F1524A52770F972BF1EE9809D13CE7DD599467F8ECE9ADD85CE85A34CD45355448C64F9E8A031DC2D596ACC6E5DD93D9B82DE2EF5CAF81363A8E47996A0DE24564A79
310
4115AACE09C55E14540231FDA13C319787134EBF34E3A022514E5B4D9E0826E25C02D5805B15ABE1BEF51B26383D445DD9E875EE33FE4C22DA16427D65A3BCA92CA6D28DD01DF5DC53330704308475351050232CCD31583787BA75774AFB06E5070DD0C8EF484E19968C5D83BA5B90B244D31E54D55A372320FE4786B7EA58
310
44E135AA5467CB7EA333A61683CC6A8C3257034C10CF46F40EF9F5BE59BE5BD30C3C72D235E95D10345C1D45445A5F0BB47E46A5EBE5570F9380B5FA629579952296A773720405982B9DE04011506178964401AA8BDF1FBF0A8EAB6861DD6580C0E38217056766716DAEB2D6FA0917D3E4116581EADB879C4E7CFFB11EFACD
310
3D641311495D92C8676CB409A72D18610D803CE8A626049E8EC1887CB5B44CC39883690DDA8399B4B9855B481E7D71D4A9D22F96E5BB73BF5793020C02137BF837504B0304140006080000CC70623B000000000000000000000000350000006662782F36394639363044362D344446342D343946362D394244322D32343142
310
43333846323333332F76657274696365732E62696E504B0304140006080800CC70623BF270F1330600000004000000360000006662782F36394639363044362D344446342D343946362D394244322D3234314243333846323333332F747269616E676C65732E62696E636660600000504B0304140006080000CC70623B0000
310
00000000000000000000370000006662782F36394639363044362D344446342D343946362D394244322D3234314243333846323333332F617474726962757465732E62696E504B0304140006080800CC70623B08DA0BD19000000041010000360000006662782F36394639363044362D344446342D343946362D394244322D
310
3234314243333846323333332F6469726563746F72792E786D6C858F410AC3201045AF22B36F53E9A60B35CBEEBAE80D244E44489C6234F4F835464A48035D0DF398FF9F8AF63D0E6CC63039F212F8F9020C7D47C6792B21C5FE7403D62A1188E2E60C98D7234A5830286103A55745067B9D86B8A3CF9C7F90C11DE607FB14
310
4396D7B6A82D282E9A152AD114D5EF2CB866EEE831B8EEA07A7BB5A8D7D61A2BAAEB7FD5F70921FF497D00504B0304140006080800CC70623BCA768048FE000000A00100003B0000006662782F36394639363044362D344446342D343946362D394244322D3234314243333846323333332F7265736F75726365732F636F72
310
652E786D6C8D50596E833010BD0A9ADFCA60D600328E9AA639412F609909B1126CE4A5EAF16B0295DABFFECC8CDEA2797AECF8353F924FB44E193D409E5248504B332A3D0D10FC95B4901C39B3C6F85F3248B49871801506CE266BC2B243D2688FDA47549B11775038871E12F988C7004EDE7016A9083E2ADC3D5D84BC8B09
310
D33C8D74D471E6BC8D0192EDC93A815B742658898E651BCB59086ADC356A8C3FD555A1055ED7E7E254D615792D0F075295F585746FF53B694EE78A565DD736979A65AB9933AFE69F8CD2A2F038022F28ED489E135A7CE4554F9BBEA85E68DB53CAB255FEC71496F19FA6A0B42F8B3DEE6673C0F318E4497096AD7DC5F52C33
310
EEB55BFE0D504B010214000A0000080000CC70623B3DEE336E79000000790000001B00000000000000000000000000000000006175746F6465736B2D64657369676E2D7061636B6167652E786D6C504B01021400140006080800CC70623BD486FD9CA0000000F40000001300000000000000000000000000B20000005B436F
310
6E74656E745F54797065735D2E786D6C504B01021400140006080800CC70623BD9DDAED0EC0000007C010000080000000000000000000000000083010000636F72652E786D6C504B01021400140006080800CC70623B55019EA25F0000007C000000070000000000000000000000000095020000636E782E786D6C504B0102
310
1400140006080800CC70623BA24EB22D72010000D40300000C00000000000000000000000000190300006662782F636F72652E786D6C504B01021400140006080800CC70623B408A7D3B7C0000009D0000000B00000000000000000000000000B50400006662782F636E782E786D6C504B01021400140006080800CC70623B
310
449FB9BD290100001202000031000000000000000000000000005A0500006662782F36394639363044362D344446342D343946362D394244322D3234314243333846323333332F636F72652E786D6C504B01021400140006080800CC70623BAD7543B64E010000330300003000000000000000000000000000D20600006662
310
782F36394639363044362D344446342D343946362D394244322D3234314243333846323333332F636E782E786D6C504B01021400140006080800CC70623B8D05915C650500003B10000034000000000000000000000000006E0800006662782F36394639363044362D344446342D343946362D394244322D32343142433338
310
46323333332F6F626A656374732E786D6C504B01021400140006080000CC70623B0000000000000000000000003500000000000000000000000000250E00006662782F36394639363044362D344446342D343946362D394244322D3234314243333846323333332F76657274696365732E62696E504B010214001400060808
310
00CC70623BF270F13306000000040000003600000000000000000000000000780E00006662782F36394639363044362D344446342D343946362D394244322D3234314243333846323333332F747269616E676C65732E62696E504B01021400140006080000CC70623B00000000000000000000000037000000000000000000
310
00000000D20E00006662782F36394639363044362D344446342D343946362D394244322D3234314243333846323333332F617474726962757465732E62696E504B01021400140006080800CC70623B08DA0BD190000000410100003600000000000000000000000000270F00006662782F36394639363044362D344446342D
310
343946362D394244322D3234314243333846323333332F6469726563746F72792E786D6C504B01021400140006080800CC70623BCA768048FE000000A00100003B000000000000000000000000000B1000006662782F36394639363044362D344446342D343946362D394244322D3234314243333846323333332F7265736F
310
75726365732F636F72652E786D6C504B0506000000000E000E0080040000621100000000
  0
XRECORD
  5
176
102
{ACAD_REACTORS
330
173
102
}
330
173
100
AcDbXrecord
280
     1
270
     1
271
     1
  0
XRECORD
  5
177
102
{ACAD_REACTORS
330
173
102
}
330
173
100
AcDbXrecord
280
     1
270
     1
271
     1
  0
CELLSTYLEMAP
  5
4C8
102
{ACAD_REACTORS
330
162
102
}
330
162
100
AcDbCellStyleMap
 90
        3
300
CELLSTYLE
  1
TABLEFORMAT_BEGIN
 90
        5
170
     1
 91
        0
 92
    32768
 62
   257
 93
        1
300
CONTENTFORMAT
  1
CONTENTFORMAT_BEGIN
 90
        0
 91
        0
 92
      512
 93
        0
300

 40
0.0
140
1.0
 94
        5
 62
     0
340
11
144
6.0
309
CONTENTFORMAT_END
171
     1
301
MARGIN
  1
CELLMARGIN_BEGIN
 40
1.5
 40
1.5
 40
1.5
 40
1.5
 40
0.18
 40
0.18
309
CELLMARGIN_END
 94
        6
 95
        1
302
GRIDFORMAT
  1
GRIDFORMAT_BEGIN
 90
        0
 91
        1
 62
     0
 92
       -2
340
14
 93
        0
 40
1.125
309
GRIDFORMAT_END
 95
        2
302
GRIDFORMAT
  1
GRIDFORMAT_BEGIN
 90
        0
 91
        1
 62
     0
 92
       -2
340
14
 93
        0
 40
1.125
309
GRIDFORMAT_END
 95
        4
302
GRIDFORMAT
  1
GRIDFORMAT_BEGIN
 90
        0
 91
        1
 62
     0
 92
       -2
340
14
 93
        0
 40
1.125
309
GRIDFORMAT_END
 95
        8
302
GRIDFORMAT
  1
GRIDFORMAT_BEGIN
 90
        0
 91
        1
 62
     0
 92
       -2
340
14
 93
        0
 40
1.125
309
GRIDFORMAT_END
 95
       16
302
GRIDFORMAT
  1
GRIDFORMAT_BEGIN
 90
        0
 91
        1
 62
     0
 92
       -2
340
14
 93
        0
 40
1.125
309
GRIDFORMAT_END
 95
       32
302
GRIDFORMAT
  1
GRIDFORMAT_BEGIN
 90
        0
 91
        1
 62
     0
 92
       -2
340
14
 93
        0
 40
1.125
309
GRIDFORMAT_END
309
TABLEFORMAT_END
  1
CELLSTYLE_BEGIN
 90
        1
 91
        1
300
_TITLE
309
CELLSTYLE_END
300
CELLSTYLE
  1
TABLEFORMAT_BEGIN
 90
        5
170
     1
 91
        0
 92
        0
 62
   257
 93
        1
300
CONTENTFORMAT
  1
CONTENTFORMAT_BEGIN
 90
        0
 91
        0
 92
      512
 93
        0
300

 40
0.0
140
1.0
 94
        5
 62
     0
340
11
144
4.5
309
CONTENTFORMAT_END
171
     1
301
MARGIN
  1
CELLMARGIN_BEGIN
 40
1.5
 40
1.5
 40
1.5
 40
1.5
 40
0.18
 40
0.18
309
CELLMARGIN_END
 94
        6
 95
        1
302
GRIDFORMAT
  1
GRIDFORMAT_BEGIN
 90
        0
 91
        1
 62
     0
 92
       -2
340
14
 93
        0
 40
1.125
309
GRIDFORMAT_END
 95
        2
302
GRIDFORMAT
  1
GRIDFORMAT_BEGIN
 90
        0
 91
        1
 62
     0
 92
       -2
340
14
 93
        0
 40
1.125
309
GRIDFORMAT_END
 95
        4
302
GRIDFORMAT
  1
GRIDFORMAT_BEGIN
 90
        0
 91
        1
 62
     0
 92
       -2
340
14
 93
        0
 40
1.125
309
GRIDFORMAT_END
 95
        8
302
GRIDFORMAT
  1
GRIDFORMAT_BEGIN
 90
        0
 91
        1
 62
     0
 92
       -2
340
14
 93
        0
 40
1.125
309
GRIDFORMAT_END
 95
       16
302
GRIDFORMAT
  1
GRIDFORMAT_BEGIN
 90
        0
 91
        1
 62
     0
 92
       -2
340
14
 93
        0
 40
1.125
309
GRIDFORMAT_END
 95
       32
302
GRIDFORMAT
  1
GRIDFORMAT_BEGIN
 90
        0
 91
        1
 62
     0
 92
       -2
340
14
 93
        0
 40
1.125
309
GRIDFORMAT_END
309
TABLEFORMAT_END
  1
CELLSTYLE_BEGIN
 90
        2
 91
        1
300
_HEADER
309
CELLSTYLE_END
300
CELLSTYLE
  1
TABLEFORMAT_BEGIN
 90
        5
170
     1
 91
        0
 92
        0
 62
   257
 93
        1
300
CONTENTFORMAT
  1
CONTENTFORMAT_BEGIN
 90
        0
 91
        0
 92
      512
 93
        0
300

 40
0.0
140
1.0
 94
        2
 62
     0
340
11
144
4.5
309
CONTENTFORMAT_END
171
     1
301
MARGIN
  1
CELLMARGIN_BEGIN
 40
1.5
 40
1.5
 40
1.5
 40
1.5
 40
0.18
 40
0.18
309
CELLMARGIN_END
 94
        6
 95
        1
302
GRIDFORMAT
  1
GRIDFORMAT_BEGIN
 90
        0
 91
        1
 62
     0
 92
       -2
340
14
 93
        0
 40
1.125
309
GRIDFORMAT_END
 95
        2
302
GRIDFORMAT
  1
GRIDFORMAT_BEGIN
 90
        0
 91
        1
 62
     0
 92
       -2
340
14
 93
        0
 40
1.125
309
GRIDFORMAT_END
 95
        4
302
GRIDFORMAT
  1
GRIDFORMAT_BEGIN
 90
        0
 91
        1
 62
     0
 92
       -2
340
14
 93
        0
 40
1.125
309
GRIDFORMAT_END
 95
        8
302
GRIDFORMAT
  1
GRIDFORMAT_BEGIN
 90
        0
 91
        1
 62
     0
 92
       -2
340
14
 93
        0
 40
1.125
309
GRIDFORMAT_END
 95
       16
302
GRIDFORMAT
  1
GRIDFORMAT_BEGIN
 90
        0
 91
        1
 62
     0
 92
       -2
340
14
 93
        0
 40
1.125
309
GRIDFORMAT_END
 95
       32
302
GRIDFORMAT
  1
GRIDFORMAT_BEGIN
 90
        0
 91
        1
 62
     0
 92
       -2
340
14
 93
        0
 40
1.125
309
GRIDFORMAT_END
309
TABLEFORMAT_END
  1
CELLSTYLE_BEGIN
 90
        3
 91
        2
300
_DATA
309
CELLSTYLE_END
  0
ENDSEC
  0
SECTION
  2
ACDSDATA
 70
     2
 71
     8
  0
ACDSSCHEMA
 90
        0
  1
AcDb_Thumbnail_Schema
  2
AcDbDs::ID
280
    10
 91
        8
  2
Thumbnail_Data
280
    15
 91
        0
101
ACDSRECORD
 95
        0
 90
        1
  2
AcDbDs::TreatedAsObjectData
280
     1
291
     1
101
ACDSRECORD
 95
        0
 90
        2
  2
AcDbDs::Legacy
280
     1
291
     1
101
ACDSRECORD
  1
AcDbDs::ID
 90
        3
  2
AcDs:Indexable
280
     1
291
     1
101
ACDSRECORD
  1
AcDbDs::ID
 90
        4
  2
AcDbDs::HandleAttribute
280
     7
282
     1
  0
ACDSSCHEMA
 90
        1
  1
AcDbDs::TreatedAsObjectDataSchema
  2
AcDbDs::TreatedAsObjectData
280
     1
 91
        0
  0
ACDSSCHEMA
 90
        2
  1
AcDbDs::LegacySchema
  2
AcDbDs::Legacy
280
     1
 91
        0
  0
ACDSSCHEMA
 90
        3
  1
AcDbDs::IndexedPropertySchema
  2
AcDs:Indexable
280
     1
 91
        0
  0
ACDSSCHEMA
 90
        4
  1
AcDbDs::HandleAttributeSchema
  2
AcDbDs::HandleAttribute
280
     7
 91
        1
284
     1
  0
ACDSRECORD
 90
        0
  2
AcDbDs::ID
280
    10
320
22
  2
Thumbnail_Data
280
    15
 94
      896
310
89504E470D0A1A0A0000000D49484452000001000000009108030000001BE1960600000300504C5445212830FFFFFF2128300000000000000000000000000000000000000000000000000000330000660000990000CC0000FF0033000033330033660033990033CC0033FF0066000066330066660066990066CC0066FF0099
310
000099330099660099990099CC0099FF00CC0000CC3300CC6600CC9900CCCC00CCFF00FF0000FF3300FF6600FF9900FFCC00FFFF3300003300333300663300993300CC3300FF3333003333333333663333993333CC3333FF3366003366333366663366993366CC3366FF3399003399333399663399993399CC3399FF33CC00
310
33CC3333CC6633CC9933CCCC33CCFF33FF0033FF3333FF6633FF9933FFCC33FFFF6600006600336600666600996600CC6600FF6633006633336633666633996633CC6633FF6666006666336666666666996666CC6666FF6699006699336699666699996699CC6699FF66CC0066CC3366CC6666CC9966CCCC66CCFF66FF0066
310
FF3366FF6666FF9966FFCC66FFFF9900009900339900669900999900CC9900FF9933009933339933669933999933CC9933FF9966009966339966669966999966CC9966FF9999009999339999669999999999CC9999FF99CC0099CC3399CC6699CC9999CCCC99CCFF99FF0099FF3399FF6699FF9999FFCC99FFFFCC0000CC00
310
33CC0066CC0099CC00CCCC00FFCC3300CC3333CC3366CC3399CC33CCCC33FFCC6600CC6633CC6666CC6699CC66CCCC66FFCC9900CC9933CC9966CC9999CC99CCCC99FFCCCC00CCCC33CCCC66CCCC99CCCCCCCCCCFFCCFF00CCFF33CCFF66CCFF99CCFFCCCCFFFFFF0000FF0033FF0066FF0099FF00CCFF00FFFF3300FF3333
310
FF3366FF3399FF33CCFF33FFFF6600FF6633FF6666FF6699FF66CCFF66FFFF9900FF9933FF9966FF9999FF99CCFF99FFFFCC00FFCC33FFCC66FFCC99FFCCCCFFCCFFFFFF00FFFF33FFFF66FFFF99FFFFCCFFFFFF0000000D0D0D1A1A1A2828283535354343435050505D5D5D6B6B6B787878868686939393A1A1A1AEAEAEBB
310
BBBBC9C9C9D6D6D6E4E4E4F1F1F1FFFFFF0000000000000000000000000000000000000000000000000000000000002E4550F10000003B4944415478DAEDC13101000000C2A0F54F6D0B2FA0000000000000000000000000000000000000000000000000000000000000000000000000CE06919100016C9A5B1B0000000049
310
454E44AE426082
  0
ENDSEC
  0
EOF
